2025-11-04T00:28:31.062+05:30  INFO 19716 --- [backend] [main] c.h.backend.BackendApplication           : Starting BackendApplication using Java 24.0.2 with PID 19716 (C:\Users\jhjos\OneDrive\Desktop\HealthSpace\target\classes started by jhjos in C:\Users\jhjos\OneDrive\Desktop\HealthSpace)
2025-11-04T00:28:31.066+05:30  INFO 19716 --- [backend] [main] c.h.backend.BackendApplication           : No active profile set, falling back to 1 default profile: "default"
2025-11-04T00:28:31.861+05:30  INFO 19716 --- [backend] [main] .s.d.r.c.RepositoryConfigurationDelegate : Bootstrapping Spring Data JPA repositories in DEFAULT mode.
2025-11-04T00:28:31.900+05:30  INFO 19716 --- [backend] [main] .s.d.r.c.RepositoryConfigurationDelegate : Finished Spring Data repository scanning in 17 ms. Found 0 JPA repository interfaces.
2025-11-04T00:28:32.519+05:30  INFO 19716 --- [backend] [main] o.s.b.w.embedded.tomcat.TomcatWebServer  : Tomcat initialized with port 8080 (http)
2025-11-04T00:28:32.539+05:30  INFO 19716 --- [backend] [main] o.apache.catalina.core.StandardService   : Starting service [Tomcat]
2025-11-04T00:28:32.540+05:30  INFO 19716 --- [backend] [main] o.apache.catalina.core.StandardEngine    : Starting Servlet engine: [Apache Tomcat/10.1.48]
2025-11-04T00:28:32.630+05:30  INFO 19716 --- [backend] [main] o.a.c.c.C.[Tomcat].[localhost].[/]       : Initializing Spring embedded WebApplicationContext
2025-11-04T00:28:32.631+05:30  INFO 19716 --- [backend] [main] w.s.c.ServletWebServerApplicationContext : Root WebApplicationContext: initialization completed in 1502 ms
2025-11-04T00:28:32.841+05:30  INFO 19716 --- [backend] [main] o.hibernate.jpa.internal.util.LogHelper  : HHH000204: Processing PersistenceUnitInfo [name: default]
2025-11-04T00:28:32.899+05:30  INFO 19716 --- [backend] [main] org.hibernate.Version                    : HHH000412: Hibernate ORM core version 6.6.33.Final
2025-11-04T00:28:32.939+05:30  INFO 19716 --- [backend] [main] o.h.c.internal.RegionFactoryInitiator    : HHH000026: Second-level cache disabled
2025-11-04T00:28:33.300+05:30  INFO 19716 --- [backend] [main] o.s.o.j.p.SpringPersistenceUnitInfo      : No LoadTimeWeaver setup: ignoring JPA class transformer
2025-11-04T00:28:33.336+05:30  INFO 19716 --- [backend] [main] com.zaxxer.hikari.HikariDataSource       : HikariPool-1 - Starting...
2025-11-04T00:28:33.545+05:30  INFO 19716 --- [backend] [main] com.zaxxer.hikari.pool.HikariPool        : HikariPool-1 - Added connection org.postgresql.jdbc.PgConnection@734a149a
2025-11-04T00:28:33.548+05:30  INFO 19716 --- [backend] [main] com.zaxxer.hikari.HikariDataSource       : HikariPool-1 - Start completed.
2025-11-04T00:28:33.633+05:30  INFO 19716 --- [backend] [main] org.hibernate.orm.connections.pooling    : HHH10001005: Database info:
	Database JDBC URL [Connecting through datasource 'HikariDataSource (HikariPool-1)']
	Database driver: undefined/unknown
	Database version: 18.0
	Autocommit mode: undefined/unknown
	Isolation level: undefined/unknown
	Minimum pool size: undefined/unknown
	Maximum pool size: undefined/unknown
2025-11-04T00:28:34.068+05:30  INFO 19716 --- [backend] [main] o.h.e.t.j.p.i.JtaPlatformInitiator       : HHH000489: No JTA platform available (set 'hibernate.transaction.jta.platform' to enable JTA platform integration)
2025-11-04T00:28:34.073+05:30  INFO 19716 --- [backend] [main] j.LocalContainerEntityManagerFactoryBean : Initialized JPA EntityManagerFactory for persistence unit 'default'
2025-11-04T00:28:34.229+05:30 DEBUG 19716 --- [backend] [main] s.w.s.m.m.a.RequestMappingHandlerMapping : 2 mappings in 'requestMappingHandlerMapping'
2025-11-04T00:28:34.347+05:30 DEBUG 19716 --- [backend] [main] o.s.w.s.handler.SimpleUrlHandlerMapping  : Patterns [/webjars/**, /**] in 'resourceHandlerMapping'
2025-11-04T00:28:34.383+05:30 DEBUG 19716 --- [backend] [main] s.w.s.m.m.a.RequestMappingHandlerAdapter : ControllerAdvice beans: 0 @ModelAttribute, 0 @InitBinder, 1 RequestBodyAdvice, 1 ResponseBodyAdvice
2025-11-04T00:28:34.436+05:30 DEBUG 19716 --- [backend] [main] .m.m.a.ExceptionHandlerExceptionResolver : ControllerAdvice beans: 0 @ExceptionHandler, 1 ResponseBodyAdvice
2025-11-04T00:28:34.707+05:30  WARN 19716 --- [backend] [main] .s.s.UserDetailsServiceAutoConfiguration : 

Using generated security password: 5b62149c-8abe-4e6c-86b2-e80691df38bd

This generated password is for development use only. Your security configuration must be updated before running your application in production.

2025-11-04T00:28:34.716+05:30  INFO 19716 --- [backend] [main] r$InitializeUserDetailsManagerConfigurer : Global AuthenticationManager configured with UserDetailsService bean with name inMemoryUserDetailsManager
2025-11-04T00:28:34.917+05:30  INFO 19716 --- [backend] [main] o.s.b.w.embedded.tomcat.TomcatWebServer  : Tomcat started on port 8080 (http) with context path '/'
2025-11-04T00:28:34.932+05:30  INFO 19716 --- [backend] [main] c.h.backend.BackendApplication           : Started BackendApplication in 4.471 seconds (process running for 5.268)
2025-11-04T00:29:01.093+05:30  INFO 19716 --- [backend] [http-nio-8080-exec-1] o.a.c.c.C.[Tomcat].[localhost].[/]       : Initializing Spring DispatcherServlet 'dispatcherServlet'
2025-11-04T00:29:01.093+05:30  INFO 19716 --- [backend] [http-nio-8080-exec-1] o.s.web.servlet.DispatcherServlet        : Initializing Servlet 'dispatcherServlet'
2025-11-04T00:29:01.093+05:30 DEBUG 19716 --- [backend] [http-nio-8080-exec-1] o.s.web.servlet.DispatcherServlet        : Detected StandardServletMultipartResolver
2025-11-04T00:29:01.094+05:30 DEBUG 19716 --- [backend] [http-nio-8080-exec-1] o.s.web.servlet.DispatcherServlet        : Detected AcceptHeaderLocaleResolver
2025-11-04T00:29:01.094+05:30 DEBUG 19716 --- [backend] [http-nio-8080-exec-1] o.s.web.servlet.DispatcherServlet        : Detected FixedThemeResolver
2025-11-04T00:29:01.095+05:30 DEBUG 19716 --- [backend] [http-nio-8080-exec-1] o.s.web.servlet.DispatcherServlet        : Detected org.springframework.web.servlet.view.DefaultRequestToViewNameTranslator@21d8da75
2025-11-04T00:29:01.095+05:30 DEBUG 19716 --- [backend] [http-nio-8080-exec-1] o.s.web.servlet.DispatcherServlet        : Detected org.springframework.web.servlet.support.SessionFlashMapManager@484302ee
2025-11-04T00:29:01.096+05:30 DEBUG 19716 --- [backend] [http-nio-8080-exec-1] o.s.web.servlet.DispatcherServlet        : enableLoggingRequestDetails='false': request parameters and headers will be masked to prevent unsafe logging of potentially sensitive data
2025-11-04T00:29:01.096+05:30  INFO 19716 --- [backend] [http-nio-8080-exec-1] o.s.web.servlet.DispatcherServlet        : Completed initialization in 3 ms
2025-11-04T00:33:31.097+05:30  INFO 19716 --- [backend] [SpringApplicationShutdownHook] o.s.b.w.e.tomcat.GracefulShutdown        : Commencing graceful shutdown. Waiting for active requests to complete
2025-11-04T00:33:31.106+05:30  INFO 19716 --- [backend] [tomcat-shutdown] o.s.b.w.e.tomcat.GracefulShutdown        : Graceful shutdown complete
2025-11-04T00:33:31.111+05:30  INFO 19716 --- [backend] [SpringApplicationShutdownHook] j.LocalContainerEntityManagerFactoryBean : Closing JPA EntityManagerFactory for persistence unit 'default'
2025-11-04T00:33:31.113+05:30  INFO 19716 --- [backend] [SpringApplicationShutdownHook] com.zaxxer.hikari.HikariDataSource       : HikariPool-1 - Shutdown initiated...
2025-11-04T00:33:31.116+05:30  INFO 19716 --- [backend] [SpringApplicationShutdownHook] com.zaxxer.hikari.HikariDataSource       : HikariPool-1 - Shutdown completed.
2025-11-04T00:33:36.508+05:30  INFO 4844 --- [backend] [main] c.h.backend.BackendApplication           : Starting BackendApplication using Java 24.0.2 with PID 4844 (C:\Users\jhjos\OneDrive\Desktop\HealthSpace\target\classes started by jhjos in C:\Users\jhjos\OneDrive\Desktop\HealthSpace)
2025-11-04T00:33:36.512+05:30  INFO 4844 --- [backend] [main] c.h.backend.BackendApplication           : No active profile set, falling back to 1 default profile: "default"
2025-11-04T00:33:37.326+05:30  INFO 4844 --- [backend] [main] .s.d.r.c.RepositoryConfigurationDelegate : Bootstrapping Spring Data JPA repositories in DEFAULT mode.
2025-11-04T00:33:37.401+05:30  INFO 4844 --- [backend] [main] .s.d.r.c.RepositoryConfigurationDelegate : Finished Spring Data repository scanning in 63 ms. Found 1 JPA repository interface.
2025-11-04T00:33:38.098+05:30  INFO 4844 --- [backend] [main] o.s.b.w.embedded.tomcat.TomcatWebServer  : Tomcat initialized with port 8080 (http)
2025-11-04T00:33:38.119+05:30  INFO 4844 --- [backend] [main] o.apache.catalina.core.StandardService   : Starting service [Tomcat]
2025-11-04T00:33:38.120+05:30  INFO 4844 --- [backend] [main] o.apache.catalina.core.StandardEngine    : Starting Servlet engine: [Apache Tomcat/10.1.48]
2025-11-04T00:33:38.211+05:30  INFO 4844 --- [backend] [main] o.a.c.c.C.[Tomcat].[localhost].[/]       : Initializing Spring embedded WebApplicationContext
2025-11-04T00:33:38.212+05:30  INFO 4844 --- [backend] [main] w.s.c.ServletWebServerApplicationContext : Root WebApplicationContext: initialization completed in 1642 ms
2025-11-04T00:33:38.433+05:30  INFO 4844 --- [backend] [main] o.hibernate.jpa.internal.util.LogHelper  : HHH000204: Processing PersistenceUnitInfo [name: default]
2025-11-04T00:33:38.494+05:30  INFO 4844 --- [backend] [main] org.hibernate.Version                    : HHH000412: Hibernate ORM core version 6.6.33.Final
2025-11-04T00:33:38.535+05:30  INFO 4844 --- [backend] [main] o.h.c.internal.RegionFactoryInitiator    : HHH000026: Second-level cache disabled
2025-11-04T00:33:38.916+05:30  INFO 4844 --- [backend] [main] o.s.o.j.p.SpringPersistenceUnitInfo      : No LoadTimeWeaver setup: ignoring JPA class transformer
2025-11-04T00:33:38.955+05:30  INFO 4844 --- [backend] [main] com.zaxxer.hikari.HikariDataSource       : HikariPool-1 - Starting...
2025-11-04T00:33:39.144+05:30  INFO 4844 --- [backend] [main] com.zaxxer.hikari.pool.HikariPool        : HikariPool-1 - Added connection org.postgresql.jdbc.PgConnection@70f85235
2025-11-04T00:33:39.146+05:30  INFO 4844 --- [backend] [main] com.zaxxer.hikari.HikariDataSource       : HikariPool-1 - Start completed.
2025-11-04T00:33:39.231+05:30  INFO 4844 --- [backend] [main] org.hibernate.orm.connections.pooling    : HHH10001005: Database info:
	Database JDBC URL [Connecting through datasource 'HikariDataSource (HikariPool-1)']
	Database driver: undefined/unknown
	Database version: 18.0
	Autocommit mode: undefined/unknown
	Isolation level: undefined/unknown
	Minimum pool size: undefined/unknown
	Maximum pool size: undefined/unknown
2025-11-04T00:33:40.248+05:30  INFO 4844 --- [backend] [main] o.h.e.t.j.p.i.JtaPlatformInitiator       : HHH000489: No JTA platform available (set 'hibernate.transaction.jta.platform' to enable JTA platform integration)
2025-11-04T00:33:40.320+05:30 DEBUG 4844 --- [backend] [main] org.hibernate.SQL                        : 
    create table users (
        id bigint generated by default as identity,
        email varchar(255),
        name varchar(255),
        password varchar(255),
        role varchar(255),
        primary key (id)
    )
2025-11-04T00:33:40.338+05:30  INFO 4844 --- [backend] [main] j.LocalContainerEntityManagerFactoryBean : Initialized JPA EntityManagerFactory for persistence unit 'default'
2025-11-04T00:33:40.783+05:30  WARN 4844 --- [backend] [main] .s.s.UserDetailsServiceAutoConfiguration : 

Using generated security password: 044d34ca-af64-40c3-b05a-ceb20e9b0ee8

This generated password is for development use only. Your security configuration must be updated before running your application in production.

2025-11-04T00:33:40.794+05:30  INFO 4844 --- [backend] [main] r$InitializeUserDetailsManagerConfigurer : Global AuthenticationManager configured with UserDetailsService bean with name inMemoryUserDetailsManager
2025-11-04T00:33:40.962+05:30 DEBUG 4844 --- [backend] [main] s.w.s.m.m.a.RequestMappingHandlerMapping : 6 mappings in 'requestMappingHandlerMapping'
2025-11-04T00:33:41.060+05:30 DEBUG 4844 --- [backend] [main] o.s.w.s.handler.SimpleUrlHandlerMapping  : Patterns [/webjars/**, /**] in 'resourceHandlerMapping'
2025-11-04T00:33:41.147+05:30 DEBUG 4844 --- [backend] [main] s.w.s.m.m.a.RequestMappingHandlerAdapter : ControllerAdvice beans: 0 @ModelAttribute, 0 @InitBinder, 1 RequestBodyAdvice, 1 ResponseBodyAdvice
2025-11-04T00:33:41.199+05:30 DEBUG 4844 --- [backend] [main] .m.m.a.ExceptionHandlerExceptionResolver : ControllerAdvice beans: 0 @ExceptionHandler, 1 ResponseBodyAdvice
2025-11-04T00:33:41.492+05:30  INFO 4844 --- [backend] [main] o.s.b.w.embedded.tomcat.TomcatWebServer  : Tomcat started on port 8080 (http) with context path '/'
2025-11-04T00:33:41.503+05:30  INFO 4844 --- [backend] [main] c.h.backend.BackendApplication           : Started BackendApplication in 5.613 seconds (process running for 6.44)
2025-11-04T00:35:01.285+05:30  INFO 4844 --- [backend] [SpringApplicationShutdownHook] o.s.b.w.e.tomcat.GracefulShutdown        : Commencing graceful shutdown. Waiting for active requests to complete
2025-11-04T00:35:01.297+05:30  INFO 4844 --- [backend] [tomcat-shutdown] o.s.b.w.e.tomcat.GracefulShutdown        : Graceful shutdown complete
2025-11-04T00:35:01.304+05:30  INFO 4844 --- [backend] [SpringApplicationShutdownHook] j.LocalContainerEntityManagerFactoryBean : Closing JPA EntityManagerFactory for persistence unit 'default'
2025-11-04T00:35:01.308+05:30  INFO 4844 --- [backend] [SpringApplicationShutdownHook] com.zaxxer.hikari.HikariDataSource       : HikariPool-1 - Shutdown initiated...
2025-11-04T00:35:01.312+05:30  INFO 4844 --- [backend] [SpringApplicationShutdownHook] com.zaxxer.hikari.HikariDataSource       : HikariPool-1 - Shutdown completed.
2025-11-04T00:39:36.581+05:30  INFO 15852 --- [backend] [main] c.h.backend.BackendApplication           : Starting BackendApplication using Java 24.0.2 with PID 15852 (C:\Users\jhjos\OneDrive\Desktop\HealthSpace\target\classes started by jhjos in C:\Users\jhjos\OneDrive\Desktop\HealthSpace)
2025-11-04T00:39:36.584+05:30  INFO 15852 --- [backend] [main] c.h.backend.BackendApplication           : No active profile set, falling back to 1 default profile: "default"
2025-11-04T00:39:37.348+05:30  INFO 15852 --- [backend] [main] .s.d.r.c.RepositoryConfigurationDelegate : Bootstrapping Spring Data JPA repositories in DEFAULT mode.
2025-11-04T00:39:37.418+05:30  INFO 15852 --- [backend] [main] .s.d.r.c.RepositoryConfigurationDelegate : Finished Spring Data repository scanning in 59 ms. Found 1 JPA repository interface.
2025-11-04T00:39:38.118+05:30  INFO 15852 --- [backend] [main] o.s.b.w.embedded.tomcat.TomcatWebServer  : Tomcat initialized with port 8080 (http)
2025-11-04T00:39:38.135+05:30  INFO 15852 --- [backend] [main] o.apache.catalina.core.StandardService   : Starting service [Tomcat]
2025-11-04T00:39:38.135+05:30  INFO 15852 --- [backend] [main] o.apache.catalina.core.StandardEngine    : Starting Servlet engine: [Apache Tomcat/10.1.48]
2025-11-04T00:39:38.202+05:30  INFO 15852 --- [backend] [main] o.a.c.c.C.[Tomcat].[localhost].[/]       : Initializing Spring embedded WebApplicationContext
2025-11-04T00:39:38.203+05:30  INFO 15852 --- [backend] [main] w.s.c.ServletWebServerApplicationContext : Root WebApplicationContext: initialization completed in 1562 ms
2025-11-04T00:39:38.419+05:30  INFO 15852 --- [backend] [main] o.hibernate.jpa.internal.util.LogHelper  : HHH000204: Processing PersistenceUnitInfo [name: default]
2025-11-04T00:39:38.481+05:30  INFO 15852 --- [backend] [main] org.hibernate.Version                    : HHH000412: Hibernate ORM core version 6.6.33.Final
2025-11-04T00:39:38.523+05:30  INFO 15852 --- [backend] [main] o.h.c.internal.RegionFactoryInitiator    : HHH000026: Second-level cache disabled
2025-11-04T00:39:38.909+05:30  INFO 15852 --- [backend] [main] o.s.o.j.p.SpringPersistenceUnitInfo      : No LoadTimeWeaver setup: ignoring JPA class transformer
2025-11-04T00:39:38.949+05:30  INFO 15852 --- [backend] [main] com.zaxxer.hikari.HikariDataSource       : HikariPool-1 - Starting...
2025-11-04T00:39:39.155+05:30  INFO 15852 --- [backend] [main] com.zaxxer.hikari.pool.HikariPool        : HikariPool-1 - Added connection org.postgresql.jdbc.PgConnection@1a6dc5ea
2025-11-04T00:39:39.157+05:30  INFO 15852 --- [backend] [main] com.zaxxer.hikari.HikariDataSource       : HikariPool-1 - Start completed.
2025-11-04T00:39:39.249+05:30  INFO 15852 --- [backend] [main] org.hibernate.orm.connections.pooling    : HHH10001005: Database info:
	Database JDBC URL [Connecting through datasource 'HikariDataSource (HikariPool-1)']
	Database driver: undefined/unknown
	Database version: 18.0
	Autocommit mode: undefined/unknown
	Isolation level: undefined/unknown
	Minimum pool size: undefined/unknown
	Maximum pool size: undefined/unknown
2025-11-04T00:39:40.271+05:30  INFO 15852 --- [backend] [main] o.h.e.t.j.p.i.JtaPlatformInitiator       : HHH000489: No JTA platform available (set 'hibernate.transaction.jta.platform' to enable JTA platform integration)
2025-11-04T00:39:40.325+05:30 DEBUG 15852 --- [backend] [main] org.hibernate.SQL                        : 
    create table users (
        id bigint generated by default as identity,
        email varchar(255),
        name varchar(255),
        password varchar(255),
        role varchar(255),
        primary key (id)
    )
2025-11-04T00:39:40.336+05:30  INFO 15852 --- [backend] [main] j.LocalContainerEntityManagerFactoryBean : Initialized JPA EntityManagerFactory for persistence unit 'default'
2025-11-04T00:39:40.773+05:30  WARN 15852 --- [backend] [main] .s.s.UserDetailsServiceAutoConfiguration : 

Using generated security password: f62c9110-5876-4f8f-9deb-0ba276e2a834

This generated password is for development use only. Your security configuration must be updated before running your application in production.

2025-11-04T00:39:40.784+05:30  INFO 15852 --- [backend] [main] r$InitializeUserDetailsManagerConfigurer : Global AuthenticationManager configured with UserDetailsService bean with name inMemoryUserDetailsManager
2025-11-04T00:39:40.954+05:30 DEBUG 15852 --- [backend] [main] s.w.s.m.m.a.RequestMappingHandlerMapping : 6 mappings in 'requestMappingHandlerMapping'
2025-11-04T00:39:41.058+05:30 DEBUG 15852 --- [backend] [main] o.s.w.s.handler.SimpleUrlHandlerMapping  : Patterns [/webjars/**, /**] in 'resourceHandlerMapping'
2025-11-04T00:39:41.161+05:30 DEBUG 15852 --- [backend] [main] s.w.s.m.m.a.RequestMappingHandlerAdapter : ControllerAdvice beans: 0 @ModelAttribute, 0 @InitBinder, 1 RequestBodyAdvice, 1 ResponseBodyAdvice
2025-11-04T00:39:41.214+05:30 DEBUG 15852 --- [backend] [main] .m.m.a.ExceptionHandlerExceptionResolver : ControllerAdvice beans: 0 @ExceptionHandler, 1 ResponseBodyAdvice
2025-11-04T00:39:41.501+05:30  INFO 15852 --- [backend] [main] o.s.b.w.embedded.tomcat.TomcatWebServer  : Tomcat started on port 8080 (http) with context path '/'
2025-11-04T00:39:41.512+05:30  INFO 15852 --- [backend] [main] c.h.backend.BackendApplication           : Started BackendApplication in 5.549 seconds (process running for 6.403)
2025-11-04T00:51:33.348+05:30  INFO 15852 --- [backend] [SpringApplicationShutdownHook] o.s.b.w.e.tomcat.GracefulShutdown        : Commencing graceful shutdown. Waiting for active requests to complete
2025-11-04T00:51:33.357+05:30  INFO 15852 --- [backend] [tomcat-shutdown] o.s.b.w.e.tomcat.GracefulShutdown        : Graceful shutdown complete
2025-11-04T00:51:33.363+05:30  INFO 15852 --- [backend] [SpringApplicationShutdownHook] j.LocalContainerEntityManagerFactoryBean : Closing JPA EntityManagerFactory for persistence unit 'default'
2025-11-04T00:51:33.365+05:30  INFO 15852 --- [backend] [SpringApplicationShutdownHook] com.zaxxer.hikari.HikariDataSource       : HikariPool-1 - Shutdown initiated...
2025-11-04T00:51:33.369+05:30  INFO 15852 --- [backend] [SpringApplicationShutdownHook] com.zaxxer.hikari.HikariDataSource       : HikariPool-1 - Shutdown completed.
2025-11-04T00:54:43.828+05:30  INFO 15368 --- [backend] [main] c.h.backend.BackendApplication           : Starting BackendApplication using Java 24.0.2 with PID 15368 (C:\Users\jhjos\OneDrive\Desktop\HealthSpace\target\classes started by jhjos in C:\Users\jhjos\OneDrive\Desktop\HealthSpace)
2025-11-04T00:54:43.830+05:30  INFO 15368 --- [backend] [main] c.h.backend.BackendApplication           : No active profile set, falling back to 1 default profile: "default"
2025-11-04T00:54:44.658+05:30  INFO 15368 --- [backend] [main] .s.d.r.c.RepositoryConfigurationDelegate : Bootstrapping Spring Data JPA repositories in DEFAULT mode.
2025-11-04T00:54:44.726+05:30  INFO 15368 --- [backend] [main] .s.d.r.c.RepositoryConfigurationDelegate : Finished Spring Data repository scanning in 58 ms. Found 2 JPA repository interfaces.
2025-11-04T00:54:45.458+05:30  INFO 15368 --- [backend] [main] o.s.b.w.embedded.tomcat.TomcatWebServer  : Tomcat initialized with port 8080 (http)
2025-11-04T00:54:45.474+05:30  INFO 15368 --- [backend] [main] o.apache.catalina.core.StandardService   : Starting service [Tomcat]
2025-11-04T00:54:45.474+05:30  INFO 15368 --- [backend] [main] o.apache.catalina.core.StandardEngine    : Starting Servlet engine: [Apache Tomcat/10.1.48]
2025-11-04T00:54:45.541+05:30  INFO 15368 --- [backend] [main] o.a.c.c.C.[Tomcat].[localhost].[/]       : Initializing Spring embedded WebApplicationContext
2025-11-04T00:54:45.541+05:30  INFO 15368 --- [backend] [main] w.s.c.ServletWebServerApplicationContext : Root WebApplicationContext: initialization completed in 1651 ms
2025-11-04T00:54:45.754+05:30  INFO 15368 --- [backend] [main] o.hibernate.jpa.internal.util.LogHelper  : HHH000204: Processing PersistenceUnitInfo [name: default]
2025-11-04T00:54:45.826+05:30  INFO 15368 --- [backend] [main] org.hibernate.Version                    : HHH000412: Hibernate ORM core version 6.6.33.Final
2025-11-04T00:54:45.865+05:30  INFO 15368 --- [backend] [main] o.h.c.internal.RegionFactoryInitiator    : HHH000026: Second-level cache disabled
2025-11-04T00:54:46.230+05:30  INFO 15368 --- [backend] [main] o.s.o.j.p.SpringPersistenceUnitInfo      : No LoadTimeWeaver setup: ignoring JPA class transformer
2025-11-04T00:54:46.265+05:30  INFO 15368 --- [backend] [main] com.zaxxer.hikari.HikariDataSource       : HikariPool-1 - Starting...
2025-11-04T00:54:46.456+05:30  INFO 15368 --- [backend] [main] com.zaxxer.hikari.pool.HikariPool        : HikariPool-1 - Added connection org.postgresql.jdbc.PgConnection@31006a75
2025-11-04T00:54:46.458+05:30  INFO 15368 --- [backend] [main] com.zaxxer.hikari.HikariDataSource       : HikariPool-1 - Start completed.
2025-11-04T00:54:46.539+05:30  INFO 15368 --- [backend] [main] org.hibernate.orm.connections.pooling    : HHH10001005: Database info:
	Database JDBC URL [Connecting through datasource 'HikariDataSource (HikariPool-1)']
	Database driver: undefined/unknown
	Database version: 18.0
	Autocommit mode: undefined/unknown
	Isolation level: undefined/unknown
	Minimum pool size: undefined/unknown
	Maximum pool size: undefined/unknown
2025-11-04T00:54:47.535+05:30  INFO 15368 --- [backend] [main] o.h.e.t.j.p.i.JtaPlatformInitiator       : HHH000489: No JTA platform available (set 'hibernate.transaction.jta.platform' to enable JTA platform integration)
2025-11-04T00:54:47.594+05:30 DEBUG 15368 --- [backend] [main] org.hibernate.SQL                        : 
    create table appointments (
        id bigint generated by default as identity,
        appointment_time timestamp(6),
        doctor_id bigint not null,
        notes varchar(255),
        patient_id bigint not null,
        status varchar(255),
        primary key (id)
    )
2025-11-04T00:54:47.605+05:30  INFO 15368 --- [backend] [main] j.LocalContainerEntityManagerFactoryBean : Initialized JPA EntityManagerFactory for persistence unit 'default'
2025-11-04T00:54:48.073+05:30  WARN 15368 --- [backend] [main] .s.s.UserDetailsServiceAutoConfiguration : 

Using generated security password: 35fed9de-db6a-4266-8f6c-952f68bf1263

This generated password is for development use only. Your security configuration must be updated before running your application in production.

2025-11-04T00:54:48.082+05:30  INFO 15368 --- [backend] [main] r$InitializeUserDetailsManagerConfigurer : Global AuthenticationManager configured with UserDetailsService bean with name inMemoryUserDetailsManager
2025-11-04T00:54:48.253+05:30 DEBUG 15368 --- [backend] [main] s.w.s.m.m.a.RequestMappingHandlerMapping : 10 mappings in 'requestMappingHandlerMapping'
2025-11-04T00:54:48.357+05:30 DEBUG 15368 --- [backend] [main] o.s.w.s.handler.SimpleUrlHandlerMapping  : Patterns [/webjars/**, /**] in 'resourceHandlerMapping'
2025-11-04T00:54:48.450+05:30 DEBUG 15368 --- [backend] [main] s.w.s.m.m.a.RequestMappingHandlerAdapter : ControllerAdvice beans: 0 @ModelAttribute, 0 @InitBinder, 1 RequestBodyAdvice, 1 ResponseBodyAdvice
2025-11-04T00:54:48.500+05:30 DEBUG 15368 --- [backend] [main] .m.m.a.ExceptionHandlerExceptionResolver : ControllerAdvice beans: 0 @ExceptionHandler, 1 ResponseBodyAdvice
2025-11-04T00:54:48.793+05:30  INFO 15368 --- [backend] [main] o.s.b.w.embedded.tomcat.TomcatWebServer  : Tomcat started on port 8080 (http) with context path '/'
2025-11-04T00:54:48.803+05:30  INFO 15368 --- [backend] [main] c.h.backend.BackendApplication           : Started BackendApplication in 5.586 seconds (process running for 6.383)
2025-11-04T00:55:35.340+05:30  INFO 15368 --- [backend] [SpringApplicationShutdownHook] o.s.b.w.e.tomcat.GracefulShutdown        : Commencing graceful shutdown. Waiting for active requests to complete
2025-11-04T00:55:35.350+05:30  INFO 15368 --- [backend] [tomcat-shutdown] o.s.b.w.e.tomcat.GracefulShutdown        : Graceful shutdown complete
2025-11-04T00:55:35.356+05:30  INFO 15368 --- [backend] [SpringApplicationShutdownHook] j.LocalContainerEntityManagerFactoryBean : Closing JPA EntityManagerFactory for persistence unit 'default'
2025-11-04T00:55:35.359+05:30  INFO 15368 --- [backend] [SpringApplicationShutdownHook] com.zaxxer.hikari.HikariDataSource       : HikariPool-1 - Shutdown initiated...
2025-11-04T00:55:35.363+05:30  INFO 15368 --- [backend] [SpringApplicationShutdownHook] com.zaxxer.hikari.HikariDataSource       : HikariPool-1 - Shutdown completed.
2025-11-04T00:59:00.543+05:30  INFO 13072 --- [backend] [main] c.h.backend.BackendApplication           : Starting BackendApplication using Java 24.0.2 with PID 13072 (C:\Users\jhjos\OneDrive\Desktop\HealthSpace\target\classes started by jhjos in C:\Users\jhjos\OneDrive\Desktop\HealthSpace)
2025-11-04T00:59:00.546+05:30  INFO 13072 --- [backend] [main] c.h.backend.BackendApplication           : No active profile set, falling back to 1 default profile: "default"
2025-11-04T00:59:01.349+05:30  INFO 13072 --- [backend] [main] .s.d.r.c.RepositoryConfigurationDelegate : Bootstrapping Spring Data JPA repositories in DEFAULT mode.
2025-11-04T00:59:01.428+05:30  INFO 13072 --- [backend] [main] .s.d.r.c.RepositoryConfigurationDelegate : Finished Spring Data repository scanning in 68 ms. Found 2 JPA repository interfaces.
2025-11-04T00:59:02.143+05:30  INFO 13072 --- [backend] [main] o.s.b.w.embedded.tomcat.TomcatWebServer  : Tomcat initialized with port 8080 (http)
2025-11-04T00:59:02.161+05:30  INFO 13072 --- [backend] [main] o.apache.catalina.core.StandardService   : Starting service [Tomcat]
2025-11-04T00:59:02.161+05:30  INFO 13072 --- [backend] [main] o.apache.catalina.core.StandardEngine    : Starting Servlet engine: [Apache Tomcat/10.1.48]
2025-11-04T00:59:02.230+05:30  INFO 13072 --- [backend] [main] o.a.c.c.C.[Tomcat].[localhost].[/]       : Initializing Spring embedded WebApplicationContext
2025-11-04T00:59:02.230+05:30  INFO 13072 --- [backend] [main] w.s.c.ServletWebServerApplicationContext : Root WebApplicationContext: initialization completed in 1622 ms
2025-11-04T00:59:02.459+05:30  INFO 13072 --- [backend] [main] o.hibernate.jpa.internal.util.LogHelper  : HHH000204: Processing PersistenceUnitInfo [name: default]
2025-11-04T00:59:02.535+05:30  INFO 13072 --- [backend] [main] org.hibernate.Version                    : HHH000412: Hibernate ORM core version 6.6.33.Final
2025-11-04T00:59:02.577+05:30  INFO 13072 --- [backend] [main] o.h.c.internal.RegionFactoryInitiator    : HHH000026: Second-level cache disabled
2025-11-04T00:59:02.952+05:30  INFO 13072 --- [backend] [main] o.s.o.j.p.SpringPersistenceUnitInfo      : No LoadTimeWeaver setup: ignoring JPA class transformer
2025-11-04T00:59:02.989+05:30  INFO 13072 --- [backend] [main] com.zaxxer.hikari.HikariDataSource       : HikariPool-1 - Starting...
2025-11-04T00:59:03.188+05:30  INFO 13072 --- [backend] [main] com.zaxxer.hikari.pool.HikariPool        : HikariPool-1 - Added connection org.postgresql.jdbc.PgConnection@58f7215c
2025-11-04T00:59:03.190+05:30  INFO 13072 --- [backend] [main] com.zaxxer.hikari.HikariDataSource       : HikariPool-1 - Start completed.
2025-11-04T00:59:03.271+05:30  INFO 13072 --- [backend] [main] org.hibernate.orm.connections.pooling    : HHH10001005: Database info:
	Database JDBC URL [Connecting through datasource 'HikariDataSource (HikariPool-1)']
	Database driver: undefined/unknown
	Database version: 18.0
	Autocommit mode: undefined/unknown
	Isolation level: undefined/unknown
	Minimum pool size: undefined/unknown
	Maximum pool size: undefined/unknown
2025-11-04T00:59:04.478+05:30  INFO 13072 --- [backend] [main] o.h.e.t.j.p.i.JtaPlatformInitiator       : HHH000489: No JTA platform available (set 'hibernate.transaction.jta.platform' to enable JTA platform integration)
2025-11-04T00:59:04.542+05:30  INFO 13072 --- [backend] [main] j.LocalContainerEntityManagerFactoryBean : Initialized JPA EntityManagerFactory for persistence unit 'default'
2025-11-04T00:59:04.973+05:30  WARN 13072 --- [backend] [main] .s.s.UserDetailsServiceAutoConfiguration : 

Using generated security password: b2ec0c52-4973-4202-80cb-589fd06d8efd

This generated password is for development use only. Your security configuration must be updated before running your application in production.

2025-11-04T00:59:04.982+05:30  INFO 13072 --- [backend] [main] r$InitializeUserDetailsManagerConfigurer : Global AuthenticationManager configured with UserDetailsService bean with name inMemoryUserDetailsManager
2025-11-04T00:59:05.189+05:30 DEBUG 13072 --- [backend] [main] s.w.s.m.m.a.RequestMappingHandlerMapping : 10 mappings in 'requestMappingHandlerMapping'
2025-11-04T00:59:05.299+05:30 DEBUG 13072 --- [backend] [main] o.s.w.s.handler.SimpleUrlHandlerMapping  : Patterns [/webjars/**, /**] in 'resourceHandlerMapping'
2025-11-04T00:59:05.393+05:30 DEBUG 13072 --- [backend] [main] s.w.s.m.m.a.RequestMappingHandlerAdapter : ControllerAdvice beans: 0 @ModelAttribute, 0 @InitBinder, 1 RequestBodyAdvice, 1 ResponseBodyAdvice
2025-11-04T00:59:05.461+05:30 DEBUG 13072 --- [backend] [main] .m.m.a.ExceptionHandlerExceptionResolver : ControllerAdvice beans: 0 @ExceptionHandler, 1 ResponseBodyAdvice
2025-11-04T00:59:05.816+05:30  INFO 13072 --- [backend] [main] o.s.b.w.embedded.tomcat.TomcatWebServer  : Tomcat started on port 8080 (http) with context path '/'
2025-11-04T00:59:05.828+05:30  INFO 13072 --- [backend] [main] c.h.backend.BackendApplication           : Started BackendApplication in 5.899 seconds (process running for 6.736)
2025-11-04T01:00:55.615+05:30  INFO 13072 --- [backend] [http-nio-8080-exec-1] o.a.c.c.C.[Tomcat].[localhost].[/]       : Initializing Spring DispatcherServlet 'dispatcherServlet'
2025-11-04T01:00:55.616+05:30  INFO 13072 --- [backend] [http-nio-8080-exec-1] o.s.web.servlet.DispatcherServlet        : Initializing Servlet 'dispatcherServlet'
2025-11-04T01:00:55.616+05:30 DEBUG 13072 --- [backend] [http-nio-8080-exec-1] o.s.web.servlet.DispatcherServlet        : Detected StandardServletMultipartResolver
2025-11-04T01:00:55.616+05:30 DEBUG 13072 --- [backend] [http-nio-8080-exec-1] o.s.web.servlet.DispatcherServlet        : Detected AcceptHeaderLocaleResolver
2025-11-04T01:00:55.616+05:30 DEBUG 13072 --- [backend] [http-nio-8080-exec-1] o.s.web.servlet.DispatcherServlet        : Detected FixedThemeResolver
2025-11-04T01:00:55.618+05:30 DEBUG 13072 --- [backend] [http-nio-8080-exec-1] o.s.web.servlet.DispatcherServlet        : Detected org.springframework.web.servlet.view.DefaultRequestToViewNameTranslator@2c485b3a
2025-11-04T01:00:55.619+05:30 DEBUG 13072 --- [backend] [http-nio-8080-exec-1] o.s.web.servlet.DispatcherServlet        : Detected org.springframework.web.servlet.support.SessionFlashMapManager@690c3b1f
2025-11-04T01:00:55.620+05:30 DEBUG 13072 --- [backend] [http-nio-8080-exec-1] o.s.web.servlet.DispatcherServlet        : enableLoggingRequestDetails='false': request parameters and headers will be masked to prevent unsafe logging of potentially sensitive data
2025-11-04T01:00:55.620+05:30  INFO 13072 --- [backend] [http-nio-8080-exec-1] o.s.web.servlet.DispatcherServlet        : Completed initialization in 4 ms
2025-11-04T01:00:55.656+05:30 DEBUG 13072 --- [backend] [http-nio-8080-exec-1] o.s.web.servlet.DispatcherServlet        : POST "/api/users/register", parameters={}
2025-11-04T01:00:55.657+05:30 DEBUG 13072 --- [backend] [http-nio-8080-exec-1] s.w.s.m.m.a.RequestMappingHandlerMapping : Mapped to com.healthspace.backend.controller.UserController#registerUser(User)
2025-11-04T01:00:55.685+05:30 DEBUG 13072 --- [backend] [http-nio-8080-exec-1] m.m.a.RequestResponseBodyMethodProcessor : Read "application/octet-stream" to []
2025-11-04T01:00:55.691+05:30  WARN 13072 --- [backend] [http-nio-8080-exec-1] .w.s.m.s.DefaultHandlerExceptionResolver : Resolved [org.springframework.http.converter.HttpMessageNotReadableException: Required request body is missing: public com.healthspace.backend.entity.User com.healthspace.backend.controller.UserController.registerUser(com.healthspace.backend.entity.User)]
2025-11-04T01:00:55.691+05:30 DEBUG 13072 --- [backend] [http-nio-8080-exec-1] o.s.web.servlet.DispatcherServlet        : Completed 400 BAD_REQUEST
2025-11-04T01:01:51.085+05:30 DEBUG 13072 --- [backend] [http-nio-8080-exec-3] o.s.web.servlet.DispatcherServlet        : POST "/api/users/register", parameters={}
2025-11-04T01:01:51.086+05:30 DEBUG 13072 --- [backend] [http-nio-8080-exec-3] s.w.s.m.m.a.RequestMappingHandlerMapping : Mapped to com.healthspace.backend.controller.UserController#registerUser(User)
2025-11-04T01:01:51.190+05:30 DEBUG 13072 --- [backend] [http-nio-8080-exec-3] m.m.a.RequestResponseBodyMethodProcessor : Read "application/json;charset=UTF-8" to [com.healthspace.backend.entity.User@5da7c5e0]
2025-11-04T01:01:51.406+05:30 DEBUG 13072 --- [backend] [http-nio-8080-exec-3] org.hibernate.SQL                        : 
    insert 
    into
        users
        (email, name, password, role) 
    values
        (?, ?, ?, ?)
2025-11-04T01:01:51.475+05:30 DEBUG 13072 --- [backend] [http-nio-8080-exec-3] m.m.a.RequestResponseBodyMethodProcessor : Using 'application/json', given [*/*] and supported [application/json, application/*+json]
2025-11-04T01:01:51.476+05:30 DEBUG 13072 --- [backend] [http-nio-8080-exec-3] m.m.a.RequestResponseBodyMethodProcessor : Writing [com.healthspace.backend.entity.User@5da7c5e0]
2025-11-04T01:01:51.490+05:30 DEBUG 13072 --- [backend] [http-nio-8080-exec-3] o.s.web.servlet.DispatcherServlet        : Completed 200 OK
2025-11-04T01:08:35.319+05:30  INFO 13072 --- [backend] [SpringApplicationShutdownHook] o.s.b.w.e.tomcat.GracefulShutdown        : Commencing graceful shutdown. Waiting for active requests to complete
2025-11-04T01:08:35.328+05:30  INFO 13072 --- [backend] [tomcat-shutdown] o.s.b.w.e.tomcat.GracefulShutdown        : Graceful shutdown complete
2025-11-04T01:08:35.333+05:30  INFO 13072 --- [backend] [SpringApplicationShutdownHook] j.LocalContainerEntityManagerFactoryBean : Closing JPA EntityManagerFactory for persistence unit 'default'
2025-11-04T01:08:35.336+05:30  INFO 13072 --- [backend] [SpringApplicationShutdownHook] com.zaxxer.hikari.HikariDataSource       : HikariPool-1 - Shutdown initiated...
2025-11-04T01:08:35.340+05:30  INFO 13072 --- [backend] [SpringApplicationShutdownHook] com.zaxxer.hikari.HikariDataSource       : HikariPool-1 - Shutdown completed.
2025-11-04T01:19:34.418+05:30  INFO 2980 --- [backend] [main] c.h.backend.BackendApplication           : Starting BackendApplication using Java 24.0.2 with PID 2980 (C:\Users\jhjos\OneDrive\Desktop\HealthSpace\target\classes started by jhjos in C:\Users\jhjos\OneDrive\Desktop\HealthSpace)
2025-11-04T01:19:34.420+05:30  INFO 2980 --- [backend] [main] c.h.backend.BackendApplication           : No active profile set, falling back to 1 default profile: "default"
2025-11-04T01:19:35.228+05:30  INFO 2980 --- [backend] [main] .s.d.r.c.RepositoryConfigurationDelegate : Bootstrapping Spring Data JPA repositories in DEFAULT mode.
2025-11-04T01:19:35.299+05:30  INFO 2980 --- [backend] [main] .s.d.r.c.RepositoryConfigurationDelegate : Finished Spring Data repository scanning in 59 ms. Found 3 JPA repository interfaces.
2025-11-04T01:19:35.997+05:30  INFO 2980 --- [backend] [main] o.s.b.w.embedded.tomcat.TomcatWebServer  : Tomcat initialized with port 8080 (http)
2025-11-04T01:19:36.014+05:30  INFO 2980 --- [backend] [main] o.apache.catalina.core.StandardService   : Starting service [Tomcat]
2025-11-04T01:19:36.014+05:30  INFO 2980 --- [backend] [main] o.apache.catalina.core.StandardEngine    : Starting Servlet engine: [Apache Tomcat/10.1.48]
2025-11-04T01:19:36.081+05:30  INFO 2980 --- [backend] [main] o.a.c.c.C.[Tomcat].[localhost].[/]       : Initializing Spring embedded WebApplicationContext
2025-11-04T01:19:36.081+05:30  INFO 2980 --- [backend] [main] w.s.c.ServletWebServerApplicationContext : Root WebApplicationContext: initialization completed in 1598 ms
2025-11-04T01:19:36.298+05:30  INFO 2980 --- [backend] [main] o.hibernate.jpa.internal.util.LogHelper  : HHH000204: Processing PersistenceUnitInfo [name: default]
2025-11-04T01:19:36.357+05:30  INFO 2980 --- [backend] [main] org.hibernate.Version                    : HHH000412: Hibernate ORM core version 6.6.33.Final
2025-11-04T01:19:36.396+05:30  INFO 2980 --- [backend] [main] o.h.c.internal.RegionFactoryInitiator    : HHH000026: Second-level cache disabled
2025-11-04T01:19:36.774+05:30  INFO 2980 --- [backend] [main] o.s.o.j.p.SpringPersistenceUnitInfo      : No LoadTimeWeaver setup: ignoring JPA class transformer
2025-11-04T01:19:36.813+05:30  INFO 2980 --- [backend] [main] com.zaxxer.hikari.HikariDataSource       : HikariPool-1 - Starting...
2025-11-04T01:19:37.015+05:30  INFO 2980 --- [backend] [main] com.zaxxer.hikari.pool.HikariPool        : HikariPool-1 - Added connection org.postgresql.jdbc.PgConnection@38a38ed4
2025-11-04T01:19:37.017+05:30  INFO 2980 --- [backend] [main] com.zaxxer.hikari.HikariDataSource       : HikariPool-1 - Start completed.
2025-11-04T01:19:37.099+05:30  INFO 2980 --- [backend] [main] org.hibernate.orm.connections.pooling    : HHH10001005: Database info:
	Database JDBC URL [Connecting through datasource 'HikariDataSource (HikariPool-1)']
	Database driver: undefined/unknown
	Database version: 18.0
	Autocommit mode: undefined/unknown
	Isolation level: undefined/unknown
	Minimum pool size: undefined/unknown
	Maximum pool size: undefined/unknown
2025-11-04T01:19:38.150+05:30  INFO 2980 --- [backend] [main] o.h.e.t.j.p.i.JtaPlatformInitiator       : HHH000489: No JTA platform available (set 'hibernate.transaction.jta.platform' to enable JTA platform integration)
2025-11-04T01:19:38.209+05:30 DEBUG 2980 --- [backend] [main] org.hibernate.SQL                        : 
    create table prescriptions (
        id bigint generated by default as identity,
        appointment_id bigint not null,
        date_issued date,
        doctor_id bigint not null,
        instructions varchar(255),
        medication_details TEXT,
        patient_id bigint not null,
        primary key (id)
    )
2025-11-04T01:19:38.221+05:30  INFO 2980 --- [backend] [main] j.LocalContainerEntityManagerFactoryBean : Initialized JPA EntityManagerFactory for persistence unit 'default'
2025-11-04T01:19:38.669+05:30  WARN 2980 --- [backend] [main] .s.s.UserDetailsServiceAutoConfiguration : 

Using generated security password: 58e21f93-8681-486b-854a-b0701877f617

This generated password is for development use only. Your security configuration must be updated before running your application in production.

2025-11-04T01:19:38.678+05:30  INFO 2980 --- [backend] [main] r$InitializeUserDetailsManagerConfigurer : Global AuthenticationManager configured with UserDetailsService bean with name inMemoryUserDetailsManager
2025-11-04T01:19:38.851+05:30 DEBUG 2980 --- [backend] [main] s.w.s.m.m.a.RequestMappingHandlerMapping : 13 mappings in 'requestMappingHandlerMapping'
2025-11-04T01:19:38.956+05:30 DEBUG 2980 --- [backend] [main] o.s.w.s.handler.SimpleUrlHandlerMapping  : Patterns [/webjars/**, /**] in 'resourceHandlerMapping'
2025-11-04T01:19:39.071+05:30 DEBUG 2980 --- [backend] [main] s.w.s.m.m.a.RequestMappingHandlerAdapter : ControllerAdvice beans: 0 @ModelAttribute, 0 @InitBinder, 1 RequestBodyAdvice, 1 ResponseBodyAdvice
2025-11-04T01:19:39.126+05:30 DEBUG 2980 --- [backend] [main] .m.m.a.ExceptionHandlerExceptionResolver : ControllerAdvice beans: 0 @ExceptionHandler, 1 ResponseBodyAdvice
2025-11-04T01:19:39.427+05:30  INFO 2980 --- [backend] [main] o.s.b.w.embedded.tomcat.TomcatWebServer  : Tomcat started on port 8080 (http) with context path '/'
2025-11-04T01:19:39.439+05:30  INFO 2980 --- [backend] [main] c.h.backend.BackendApplication           : Started BackendApplication in 5.689 seconds (process running for 6.503)
2025-11-04T01:20:46.482+05:30  INFO 2980 --- [backend] [SpringApplicationShutdownHook] o.s.b.w.e.tomcat.GracefulShutdown        : Commencing graceful shutdown. Waiting for active requests to complete
2025-11-04T01:20:46.494+05:30  INFO 2980 --- [backend] [tomcat-shutdown] o.s.b.w.e.tomcat.GracefulShutdown        : Graceful shutdown complete
2025-11-04T01:20:46.501+05:30  INFO 2980 --- [backend] [SpringApplicationShutdownHook] j.LocalContainerEntityManagerFactoryBean : Closing JPA EntityManagerFactory for persistence unit 'default'
2025-11-04T01:20:46.503+05:30  INFO 2980 --- [backend] [SpringApplicationShutdownHook] com.zaxxer.hikari.HikariDataSource       : HikariPool-1 - Shutdown initiated...
2025-11-04T01:20:46.507+05:30  INFO 2980 --- [backend] [SpringApplicationShutdownHook] com.zaxxer.hikari.HikariDataSource       : HikariPool-1 - Shutdown completed.
2025-11-04T01:25:23.280+05:30  INFO 15512 --- [backend] [main] c.h.backend.BackendApplication           : Starting BackendApplication using Java 24.0.2 with PID 15512 (C:\Users\jhjos\OneDrive\Desktop\HealthSpace\target\classes started by jhjos in C:\Users\jhjos\OneDrive\Desktop\HealthSpace)
2025-11-04T01:25:23.283+05:30  INFO 15512 --- [backend] [main] c.h.backend.BackendApplication           : No active profile set, falling back to 1 default profile: "default"
2025-11-04T01:25:24.118+05:30  INFO 15512 --- [backend] [main] .s.d.r.c.RepositoryConfigurationDelegate : Bootstrapping Spring Data JPA repositories in DEFAULT mode.
2025-11-04T01:25:24.206+05:30  INFO 15512 --- [backend] [main] .s.d.r.c.RepositoryConfigurationDelegate : Finished Spring Data repository scanning in 76 ms. Found 4 JPA repository interfaces.
2025-11-04T01:25:24.919+05:30  INFO 15512 --- [backend] [main] o.s.b.w.embedded.tomcat.TomcatWebServer  : Tomcat initialized with port 8080 (http)
2025-11-04T01:25:24.939+05:30  INFO 15512 --- [backend] [main] o.apache.catalina.core.StandardService   : Starting service [Tomcat]
2025-11-04T01:25:24.939+05:30  INFO 15512 --- [backend] [main] o.apache.catalina.core.StandardEngine    : Starting Servlet engine: [Apache Tomcat/10.1.48]
2025-11-04T01:25:25.010+05:30  INFO 15512 --- [backend] [main] o.a.c.c.C.[Tomcat].[localhost].[/]       : Initializing Spring embedded WebApplicationContext
2025-11-04T01:25:25.010+05:30  INFO 15512 --- [backend] [main] w.s.c.ServletWebServerApplicationContext : Root WebApplicationContext: initialization completed in 1660 ms
2025-11-04T01:25:25.234+05:30  INFO 15512 --- [backend] [main] o.hibernate.jpa.internal.util.LogHelper  : HHH000204: Processing PersistenceUnitInfo [name: default]
2025-11-04T01:25:25.293+05:30  INFO 15512 --- [backend] [main] org.hibernate.Version                    : HHH000412: Hibernate ORM core version 6.6.33.Final
2025-11-04T01:25:25.333+05:30  INFO 15512 --- [backend] [main] o.h.c.internal.RegionFactoryInitiator    : HHH000026: Second-level cache disabled
2025-11-04T01:25:25.697+05:30  INFO 15512 --- [backend] [main] o.s.o.j.p.SpringPersistenceUnitInfo      : No LoadTimeWeaver setup: ignoring JPA class transformer
2025-11-04T01:25:25.735+05:30  INFO 15512 --- [backend] [main] com.zaxxer.hikari.HikariDataSource       : HikariPool-1 - Starting...
2025-11-04T01:25:25.923+05:30  INFO 15512 --- [backend] [main] com.zaxxer.hikari.pool.HikariPool        : HikariPool-1 - Added connection org.postgresql.jdbc.PgConnection@45c423b3
2025-11-04T01:25:25.925+05:30  INFO 15512 --- [backend] [main] com.zaxxer.hikari.HikariDataSource       : HikariPool-1 - Start completed.
2025-11-04T01:25:26.007+05:30  INFO 15512 --- [backend] [main] org.hibernate.orm.connections.pooling    : HHH10001005: Database info:
	Database JDBC URL [Connecting through datasource 'HikariDataSource (HikariPool-1)']
	Database driver: undefined/unknown
	Database version: 18.0
	Autocommit mode: undefined/unknown
	Isolation level: undefined/unknown
	Minimum pool size: undefined/unknown
	Maximum pool size: undefined/unknown
2025-11-04T01:25:27.064+05:30  INFO 15512 --- [backend] [main] o.h.e.t.j.p.i.JtaPlatformInitiator       : HHH000489: No JTA platform available (set 'hibernate.transaction.jta.platform' to enable JTA platform integration)
2025-11-04T01:25:27.124+05:30 DEBUG 15512 --- [backend] [main] org.hibernate.SQL                        : 
    create table medicines (
        id bigint generated by default as identity,
        composition varchar(255),
        description TEXT,
        manufacturer varchar(255),
        name varchar(255) not null,
        price float(53) not null,
        primary key (id)
    )
2025-11-04T01:25:27.137+05:30  INFO 15512 --- [backend] [main] j.LocalContainerEntityManagerFactoryBean : Initialized JPA EntityManagerFactory for persistence unit 'default'
2025-11-04T01:25:27.641+05:30  WARN 15512 --- [backend] [main] .s.s.UserDetailsServiceAutoConfiguration : 

Using generated security password: 69469b88-fa58-49f8-922b-d2de9e52c0a9

This generated password is for development use only. Your security configuration must be updated before running your application in production.

2025-11-04T01:25:27.655+05:30  INFO 15512 --- [backend] [main] r$InitializeUserDetailsManagerConfigurer : Global AuthenticationManager configured with UserDetailsService bean with name inMemoryUserDetailsManager
2025-11-04T01:25:27.824+05:30 DEBUG 15512 --- [backend] [main] s.w.s.m.m.a.RequestMappingHandlerMapping : 17 mappings in 'requestMappingHandlerMapping'
2025-11-04T01:25:27.942+05:30 DEBUG 15512 --- [backend] [main] o.s.w.s.handler.SimpleUrlHandlerMapping  : Patterns [/webjars/**, /**] in 'resourceHandlerMapping'
2025-11-04T01:25:28.035+05:30 DEBUG 15512 --- [backend] [main] s.w.s.m.m.a.RequestMappingHandlerAdapter : ControllerAdvice beans: 0 @ModelAttribute, 0 @InitBinder, 1 RequestBodyAdvice, 1 ResponseBodyAdvice
2025-11-04T01:25:28.085+05:30 DEBUG 15512 --- [backend] [main] .m.m.a.ExceptionHandlerExceptionResolver : ControllerAdvice beans: 0 @ExceptionHandler, 1 ResponseBodyAdvice
2025-11-04T01:25:28.405+05:30  INFO 15512 --- [backend] [main] o.s.b.w.embedded.tomcat.TomcatWebServer  : Tomcat started on port 8080 (http) with context path '/'
2025-11-04T01:25:28.418+05:30  INFO 15512 --- [backend] [main] c.h.backend.BackendApplication           : Started BackendApplication in 5.769 seconds (process running for 6.595)
2025-11-04T01:25:40.655+05:30  INFO 15512 --- [backend] [SpringApplicationShutdownHook] o.s.b.w.e.tomcat.GracefulShutdown        : Commencing graceful shutdown. Waiting for active requests to complete
2025-11-04T01:25:40.664+05:30  INFO 15512 --- [backend] [tomcat-shutdown] o.s.b.w.e.tomcat.GracefulShutdown        : Graceful shutdown complete
2025-11-04T01:25:40.670+05:30  INFO 15512 --- [backend] [SpringApplicationShutdownHook] j.LocalContainerEntityManagerFactoryBean : Closing JPA EntityManagerFactory for persistence unit 'default'
2025-11-04T01:25:40.672+05:30  INFO 15512 --- [backend] [SpringApplicationShutdownHook] com.zaxxer.hikari.HikariDataSource       : HikariPool-1 - Shutdown initiated...
2025-11-04T01:25:40.676+05:30  INFO 15512 --- [backend] [SpringApplicationShutdownHook] com.zaxxer.hikari.HikariDataSource       : HikariPool-1 - Shutdown completed.
2025-11-04T01:49:12.477+05:30  INFO 17128 --- [backend] [main] c.h.backend.BackendApplication           : Starting BackendApplication using Java 24.0.2 with PID 17128 (C:\Users\jhjos\OneDrive\Desktop\HealthSpace\target\classes started by jhjos in C:\Users\jhjos\OneDrive\Desktop\HealthSpace)
2025-11-04T01:49:12.480+05:30  INFO 17128 --- [backend] [main] c.h.backend.BackendApplication           : No active profile set, falling back to 1 default profile: "default"
2025-11-04T01:49:13.269+05:30  INFO 17128 --- [backend] [main] .s.d.r.c.RepositoryConfigurationDelegate : Bootstrapping Spring Data JPA repositories in DEFAULT mode.
2025-11-04T01:49:13.370+05:30  INFO 17128 --- [backend] [main] .s.d.r.c.RepositoryConfigurationDelegate : Finished Spring Data repository scanning in 90 ms. Found 4 JPA repository interfaces.
2025-11-04T01:49:14.043+05:30  INFO 17128 --- [backend] [main] o.s.b.w.embedded.tomcat.TomcatWebServer  : Tomcat initialized with port 8080 (http)
2025-11-04T01:49:14.064+05:30  INFO 17128 --- [backend] [main] o.apache.catalina.core.StandardService   : Starting service [Tomcat]
2025-11-04T01:49:14.064+05:30  INFO 17128 --- [backend] [main] o.apache.catalina.core.StandardEngine    : Starting Servlet engine: [Apache Tomcat/10.1.48]
2025-11-04T01:49:14.133+05:30  INFO 17128 --- [backend] [main] o.a.c.c.C.[Tomcat].[localhost].[/]       : Initializing Spring embedded WebApplicationContext
2025-11-04T01:49:14.134+05:30  INFO 17128 --- [backend] [main] w.s.c.ServletWebServerApplicationContext : Root WebApplicationContext: initialization completed in 1588 ms
2025-11-04T01:49:14.367+05:30  INFO 17128 --- [backend] [main] o.hibernate.jpa.internal.util.LogHelper  : HHH000204: Processing PersistenceUnitInfo [name: default]
2025-11-04T01:49:14.426+05:30  INFO 17128 --- [backend] [main] org.hibernate.Version                    : HHH000412: Hibernate ORM core version 6.6.33.Final
2025-11-04T01:49:14.465+05:30  INFO 17128 --- [backend] [main] o.h.c.internal.RegionFactoryInitiator    : HHH000026: Second-level cache disabled
2025-11-04T01:49:14.839+05:30  INFO 17128 --- [backend] [main] o.s.o.j.p.SpringPersistenceUnitInfo      : No LoadTimeWeaver setup: ignoring JPA class transformer
2025-11-04T01:49:14.875+05:30  INFO 17128 --- [backend] [main] com.zaxxer.hikari.HikariDataSource       : HikariPool-1 - Starting...
2025-11-04T01:49:15.072+05:30  INFO 17128 --- [backend] [main] com.zaxxer.hikari.pool.HikariPool        : HikariPool-1 - Added connection org.postgresql.jdbc.PgConnection@6fced25c
2025-11-04T01:49:15.075+05:30  INFO 17128 --- [backend] [main] com.zaxxer.hikari.HikariDataSource       : HikariPool-1 - Start completed.
2025-11-04T01:49:15.154+05:30  INFO 17128 --- [backend] [main] org.hibernate.orm.connections.pooling    : HHH10001005: Database info:
	Database JDBC URL [Connecting through datasource 'HikariDataSource (HikariPool-1)']
	Database driver: undefined/unknown
	Database version: 18.0
	Autocommit mode: undefined/unknown
	Isolation level: undefined/unknown
	Minimum pool size: undefined/unknown
	Maximum pool size: undefined/unknown
2025-11-04T01:49:16.226+05:30  INFO 17128 --- [backend] [main] o.h.e.t.j.p.i.JtaPlatformInitiator       : HHH000489: No JTA platform available (set 'hibernate.transaction.jta.platform' to enable JTA platform integration)
2025-11-04T01:49:16.285+05:30  INFO 17128 --- [backend] [main] j.LocalContainerEntityManagerFactoryBean : Initialized JPA EntityManagerFactory for persistence unit 'default'
2025-11-04T01:49:16.622+05:30  WARN 17128 --- [backend] [main] ConfigServletWebServerApplicationContext : Exception encountered during context initialization - cancelling refresh attempt: org.springframework.beans.factory.UnsatisfiedDependencyException: Error creating bean with name 'securityConfig': Unsatisfied dependency expressed through field 'userService': Error creating bean with name 'userService': Unsatisfied dependency expressed through field 'passwordEncoder': Error creating bean with name 'securityConfig': Requested bean is currently in creation: Is there an unresolvable circular reference or an asynchronous initialization dependency?
2025-11-04T01:49:16.623+05:30  INFO 17128 --- [backend] [main] j.LocalContainerEntityManagerFactoryBean : Closing JPA EntityManagerFactory for persistence unit 'default'
2025-11-04T01:49:16.626+05:30  INFO 17128 --- [backend] [main] com.zaxxer.hikari.HikariDataSource       : HikariPool-1 - Shutdown initiated...
2025-11-04T01:49:16.629+05:30  INFO 17128 --- [backend] [main] com.zaxxer.hikari.HikariDataSource       : HikariPool-1 - Shutdown completed.
2025-11-04T01:49:16.636+05:30  INFO 17128 --- [backend] [main] o.apache.catalina.core.StandardService   : Stopping service [Tomcat]
2025-11-04T01:49:16.649+05:30  INFO 17128 --- [backend] [main] .s.b.a.l.ConditionEvaluationReportLogger : 

Error starting ApplicationContext. To display the condition evaluation report re-run your application with 'debug' enabled.
2025-11-04T01:49:16.670+05:30 ERROR 17128 --- [backend] [main] o.s.b.d.LoggingFailureAnalysisReporter   : 

***************************
APPLICATION FAILED TO START
***************************

Description:

The dependencies of some of the beans in the application context form a cycle:

┌─────┐
|  securityConfig (field private com.healthspace.backend.service.UserService com.healthspace.backend.config.SecurityConfig.userService)
↑     ↓
|  userService (field private org.springframework.security.crypto.password.PasswordEncoder com.healthspace.backend.service.UserService.passwordEncoder)
└─────┘


Action:

Relying upon circular references is discouraged and they are prohibited by default. Update your application to remove the dependency cycle between beans. As a last resort, it may be possible to break the cycle automatically by setting spring.main.allow-circular-references to true.

2025-11-04T01:51:05.765+05:30  INFO 21164 --- [backend] [main] c.h.backend.BackendApplication           : Starting BackendApplication using Java 24.0.2 with PID 21164 (C:\Users\jhjos\OneDrive\Desktop\HealthSpace\target\classes started by jhjos in C:\Users\jhjos\OneDrive\Desktop\HealthSpace)
2025-11-04T01:51:05.768+05:30  INFO 21164 --- [backend] [main] c.h.backend.BackendApplication           : No active profile set, falling back to 1 default profile: "default"
2025-11-04T01:51:06.584+05:30  INFO 21164 --- [backend] [main] .s.d.r.c.RepositoryConfigurationDelegate : Bootstrapping Spring Data JPA repositories in DEFAULT mode.
2025-11-04T01:51:06.662+05:30  INFO 21164 --- [backend] [main] .s.d.r.c.RepositoryConfigurationDelegate : Finished Spring Data repository scanning in 66 ms. Found 4 JPA repository interfaces.
2025-11-04T01:51:07.362+05:30  INFO 21164 --- [backend] [main] o.s.b.w.embedded.tomcat.TomcatWebServer  : Tomcat initialized with port 8080 (http)
2025-11-04T01:51:07.384+05:30  INFO 21164 --- [backend] [main] o.apache.catalina.core.StandardService   : Starting service [Tomcat]
2025-11-04T01:51:07.385+05:30  INFO 21164 --- [backend] [main] o.apache.catalina.core.StandardEngine    : Starting Servlet engine: [Apache Tomcat/10.1.48]
2025-11-04T01:51:07.467+05:30  INFO 21164 --- [backend] [main] o.a.c.c.C.[Tomcat].[localhost].[/]       : Initializing Spring embedded WebApplicationContext
2025-11-04T01:51:07.468+05:30  INFO 21164 --- [backend] [main] w.s.c.ServletWebServerApplicationContext : Root WebApplicationContext: initialization completed in 1627 ms
2025-11-04T01:51:07.702+05:30  INFO 21164 --- [backend] [main] o.hibernate.jpa.internal.util.LogHelper  : HHH000204: Processing PersistenceUnitInfo [name: default]
2025-11-04T01:51:07.762+05:30  INFO 21164 --- [backend] [main] org.hibernate.Version                    : HHH000412: Hibernate ORM core version 6.6.33.Final
2025-11-04T01:51:07.801+05:30  INFO 21164 --- [backend] [main] o.h.c.internal.RegionFactoryInitiator    : HHH000026: Second-level cache disabled
2025-11-04T01:51:08.180+05:30  INFO 21164 --- [backend] [main] o.s.o.j.p.SpringPersistenceUnitInfo      : No LoadTimeWeaver setup: ignoring JPA class transformer
2025-11-04T01:51:08.219+05:30  INFO 21164 --- [backend] [main] com.zaxxer.hikari.HikariDataSource       : HikariPool-1 - Starting...
2025-11-04T01:51:08.415+05:30  INFO 21164 --- [backend] [main] com.zaxxer.hikari.pool.HikariPool        : HikariPool-1 - Added connection org.postgresql.jdbc.PgConnection@ab327c
2025-11-04T01:51:08.418+05:30  INFO 21164 --- [backend] [main] com.zaxxer.hikari.HikariDataSource       : HikariPool-1 - Start completed.
2025-11-04T01:51:08.504+05:30  INFO 21164 --- [backend] [main] org.hibernate.orm.connections.pooling    : HHH10001005: Database info:
	Database JDBC URL [Connecting through datasource 'HikariDataSource (HikariPool-1)']
	Database driver: undefined/unknown
	Database version: 18.0
	Autocommit mode: undefined/unknown
	Isolation level: undefined/unknown
	Minimum pool size: undefined/unknown
	Maximum pool size: undefined/unknown
2025-11-04T01:51:09.567+05:30  INFO 21164 --- [backend] [main] o.h.e.t.j.p.i.JtaPlatformInitiator       : HHH000489: No JTA platform available (set 'hibernate.transaction.jta.platform' to enable JTA platform integration)
2025-11-04T01:51:09.628+05:30  INFO 21164 --- [backend] [main] j.LocalContainerEntityManagerFactoryBean : Initialized JPA EntityManagerFactory for persistence unit 'default'
2025-11-04T01:51:10.013+05:30  WARN 21164 --- [backend] [main] ConfigServletWebServerApplicationContext : Exception encountered during context initialization - cancelling refresh attempt: org.springframework.beans.factory.UnsatisfiedDependencyException: Error creating bean with name 'authController': Unsatisfied dependency expressed through field 'userService': Error creating bean with name 'userService': Unsatisfied dependency expressed through field 'jwtUtil': Error creating bean with name 'jwtUtil': Injection of autowired dependencies failed
2025-11-04T01:51:10.013+05:30  INFO 21164 --- [backend] [main] j.LocalContainerEntityManagerFactoryBean : Closing JPA EntityManagerFactory for persistence unit 'default'
2025-11-04T01:51:10.016+05:30  INFO 21164 --- [backend] [main] com.zaxxer.hikari.HikariDataSource       : HikariPool-1 - Shutdown initiated...
2025-11-04T01:51:10.019+05:30  INFO 21164 --- [backend] [main] com.zaxxer.hikari.HikariDataSource       : HikariPool-1 - Shutdown completed.
2025-11-04T01:51:10.024+05:30  INFO 21164 --- [backend] [main] o.apache.catalina.core.StandardService   : Stopping service [Tomcat]
2025-11-04T01:51:10.040+05:30  INFO 21164 --- [backend] [main] .s.b.a.l.ConditionEvaluationReportLogger : 

Error starting ApplicationContext. To display the condition evaluation report re-run your application with 'debug' enabled.
2025-11-04T01:51:10.059+05:30 ERROR 21164 --- [backend] [main] o.s.boot.SpringApplication               : Application run failed

org.springframework.beans.factory.UnsatisfiedDependencyException: Error creating bean with name 'authController': Unsatisfied dependency expressed through field 'userService': Error creating bean with name 'userService': Unsatisfied dependency expressed through field 'jwtUtil': Error creating bean with name 'jwtUtil': Injection of autowired dependencies failed
	at org.springframework.beans.factory.annotation.AutowiredAnnotationBeanPostProcessor$AutowiredFieldElement.resolveFieldValue(AutowiredAnnotationBeanPostProcessor.java:788) ~[spring-beans-6.2.12.jar:6.2.12]
	at org.springframework.beans.factory.annotation.AutowiredAnnotationBeanPostProcessor$AutowiredFieldElement.inject(AutowiredAnnotationBeanPostProcessor.java:768) ~[spring-beans-6.2.12.jar:6.2.12]
	at org.springframework.beans.factory.annotation.InjectionMetadata.inject(InjectionMetadata.java:146) ~[spring-beans-6.2.12.jar:6.2.12]
	at org.springframework.beans.factory.annotation.AutowiredAnnotationBeanPostProcessor.postProcessProperties(AutowiredAnnotationBeanPostProcessor.java:509) ~[spring-beans-6.2.12.jar:6.2.12]
	at org.springframework.beans.factory.support.AbstractAutowireCapableBeanFactory.populateBean(AbstractAutowireCapableBeanFactory.java:1459) ~[spring-beans-6.2.12.jar:6.2.12]
	at org.springframework.beans.factory.support.AbstractAutowireCapableBeanFactory.doCreateBean(AbstractAutowireCapableBeanFactory.java:606) ~[spring-beans-6.2.12.jar:6.2.12]
	at org.springframework.beans.factory.support.AbstractAutowireCapableBeanFactory.createBean(AbstractAutowireCapableBeanFactory.java:529) ~[spring-beans-6.2.12.jar:6.2.12]
	at org.springframework.beans.factory.support.AbstractBeanFactory.lambda$doGetBean$0(AbstractBeanFactory.java:339) ~[spring-beans-6.2.12.jar:6.2.12]
	at org.springframework.beans.factory.support.DefaultSingletonBeanRegistry.getSingleton(DefaultSingletonBeanRegistry.java:373) ~[spring-beans-6.2.12.jar:6.2.12]
	at org.springframework.beans.factory.support.AbstractBeanFactory.doGetBean(AbstractBeanFactory.java:337) ~[spring-beans-6.2.12.jar:6.2.12]
	at org.springframework.beans.factory.support.AbstractBeanFactory.getBean(AbstractBeanFactory.java:202) ~[spring-beans-6.2.12.jar:6.2.12]
	at org.springframework.beans.factory.support.DefaultListableBeanFactory.instantiateSingleton(DefaultListableBeanFactory.java:1228) ~[spring-beans-6.2.12.jar:6.2.12]
	at org.springframework.beans.factory.support.DefaultListableBeanFactory.preInstantiateSingleton(DefaultListableBeanFactory.java:1194) ~[spring-beans-6.2.12.jar:6.2.12]
	at org.springframework.beans.factory.support.DefaultListableBeanFactory.preInstantiateSingletons(DefaultListableBeanFactory.java:1130) ~[spring-beans-6.2.12.jar:6.2.12]
	at org.springframework.context.support.AbstractApplicationContext.finishBeanFactoryInitialization(AbstractApplicationContext.java:990) ~[spring-context-6.2.12.jar:6.2.12]
	at org.springframework.context.support.AbstractApplicationContext.refresh(AbstractApplicationContext.java:627) ~[spring-context-6.2.12.jar:6.2.12]
	at org.springframework.boot.web.servlet.context.ServletWebServerApplicationContext.refresh(ServletWebServerApplicationContext.java:146) ~[spring-boot-3.5.7.jar:3.5.7]
	at org.springframework.boot.SpringApplication.refresh(SpringApplication.java:752) ~[spring-boot-3.5.7.jar:3.5.7]
	at org.springframework.boot.SpringApplication.refreshContext(SpringApplication.java:439) ~[spring-boot-3.5.7.jar:3.5.7]
	at org.springframework.boot.SpringApplication.run(SpringApplication.java:318) ~[spring-boot-3.5.7.jar:3.5.7]
	at org.springframework.boot.SpringApplication.run(SpringApplication.java:1361) ~[spring-boot-3.5.7.jar:3.5.7]
	at org.springframework.boot.SpringApplication.run(SpringApplication.java:1350) ~[spring-boot-3.5.7.jar:3.5.7]
	at com.healthspace.backend.BackendApplication.main(BackendApplication.java:10) ~[classes/:na]
Caused by: org.springframework.beans.factory.UnsatisfiedDependencyException: Error creating bean with name 'userService': Unsatisfied dependency expressed through field 'jwtUtil': Error creating bean with name 'jwtUtil': Injection of autowired dependencies failed
	at org.springframework.beans.factory.annotation.AutowiredAnnotationBeanPostProcessor$AutowiredFieldElement.resolveFieldValue(AutowiredAnnotationBeanPostProcessor.java:788) ~[spring-beans-6.2.12.jar:6.2.12]
	at org.springframework.beans.factory.annotation.AutowiredAnnotationBeanPostProcessor$AutowiredFieldElement.inject(AutowiredAnnotationBeanPostProcessor.java:768) ~[spring-beans-6.2.12.jar:6.2.12]
	at org.springframework.beans.factory.annotation.InjectionMetadata.inject(InjectionMetadata.java:146) ~[spring-beans-6.2.12.jar:6.2.12]
	at org.springframework.beans.factory.annotation.AutowiredAnnotationBeanPostProcessor.postProcessProperties(AutowiredAnnotationBeanPostProcessor.java:509) ~[spring-beans-6.2.12.jar:6.2.12]
	at org.springframework.beans.factory.support.AbstractAutowireCapableBeanFactory.populateBean(AbstractAutowireCapableBeanFactory.java:1459) ~[spring-beans-6.2.12.jar:6.2.12]
	at org.springframework.beans.factory.support.AbstractAutowireCapableBeanFactory.doCreateBean(AbstractAutowireCapableBeanFactory.java:606) ~[spring-beans-6.2.12.jar:6.2.12]
	at org.springframework.beans.factory.support.AbstractAutowireCapableBeanFactory.createBean(AbstractAutowireCapableBeanFactory.java:529) ~[spring-beans-6.2.12.jar:6.2.12]
	at org.springframework.beans.factory.support.AbstractBeanFactory.lambda$doGetBean$0(AbstractBeanFactory.java:339) ~[spring-beans-6.2.12.jar:6.2.12]
	at org.springframework.beans.factory.support.DefaultSingletonBeanRegistry.getSingleton(DefaultSingletonBeanRegistry.java:373) ~[spring-beans-6.2.12.jar:6.2.12]
	at org.springframework.beans.factory.support.AbstractBeanFactory.doGetBean(AbstractBeanFactory.java:337) ~[spring-beans-6.2.12.jar:6.2.12]
	at org.springframework.beans.factory.support.AbstractBeanFactory.getBean(AbstractBeanFactory.java:202) ~[spring-beans-6.2.12.jar:6.2.12]
	at org.springframework.beans.factory.support.DefaultListableBeanFactory.doResolveDependency(DefaultListableBeanFactory.java:1708) ~[spring-beans-6.2.12.jar:6.2.12]
	at org.springframework.beans.factory.support.DefaultListableBeanFactory.resolveDependency(DefaultListableBeanFactory.java:1653) ~[spring-beans-6.2.12.jar:6.2.12]
	at org.springframework.beans.factory.annotation.AutowiredAnnotationBeanPostProcessor$AutowiredFieldElement.resolveFieldValue(AutowiredAnnotationBeanPostProcessor.java:785) ~[spring-beans-6.2.12.jar:6.2.12]
	... 22 common frames omitted
Caused by: org.springframework.beans.factory.BeanCreationException: Error creating bean with name 'jwtUtil': Injection of autowired dependencies failed
	at org.springframework.beans.factory.annotation.AutowiredAnnotationBeanPostProcessor.postProcessProperties(AutowiredAnnotationBeanPostProcessor.java:515) ~[spring-beans-6.2.12.jar:6.2.12]
	at org.springframework.beans.factory.support.AbstractAutowireCapableBeanFactory.populateBean(AbstractAutowireCapableBeanFactory.java:1459) ~[spring-beans-6.2.12.jar:6.2.12]
	at org.springframework.beans.factory.support.AbstractAutowireCapableBeanFactory.doCreateBean(AbstractAutowireCapableBeanFactory.java:606) ~[spring-beans-6.2.12.jar:6.2.12]
	at org.springframework.beans.factory.support.AbstractAutowireCapableBeanFactory.createBean(AbstractAutowireCapableBeanFactory.java:529) ~[spring-beans-6.2.12.jar:6.2.12]
	at org.springframework.beans.factory.support.AbstractBeanFactory.lambda$doGetBean$0(AbstractBeanFactory.java:339) ~[spring-beans-6.2.12.jar:6.2.12]
	at org.springframework.beans.factory.support.DefaultSingletonBeanRegistry.getSingleton(DefaultSingletonBeanRegistry.java:373) ~[spring-beans-6.2.12.jar:6.2.12]
	at org.springframework.beans.factory.support.AbstractBeanFactory.doGetBean(AbstractBeanFactory.java:337) ~[spring-beans-6.2.12.jar:6.2.12]
	at org.springframework.beans.factory.support.AbstractBeanFactory.getBean(AbstractBeanFactory.java:202) ~[spring-beans-6.2.12.jar:6.2.12]
	at org.springframework.beans.factory.support.DefaultListableBeanFactory.doResolveDependency(DefaultListableBeanFactory.java:1708) ~[spring-beans-6.2.12.jar:6.2.12]
	at org.springframework.beans.factory.support.DefaultListableBeanFactory.resolveDependency(DefaultListableBeanFactory.java:1653) ~[spring-beans-6.2.12.jar:6.2.12]
	at org.springframework.beans.factory.annotation.AutowiredAnnotationBeanPostProcessor$AutowiredFieldElement.resolveFieldValue(AutowiredAnnotationBeanPostProcessor.java:785) ~[spring-beans-6.2.12.jar:6.2.12]
	... 35 common frames omitted
Caused by: org.springframework.util.PlaceholderResolutionException: Could not resolve placeholder 'jwt.secret' in value "${jwt.secret}"
	at org.springframework.util.PlaceholderResolutionException.withValue(PlaceholderResolutionException.java:81) ~[spring-core-6.2.12.jar:6.2.12]
	at org.springframework.util.PlaceholderParser$ParsedValue.resolve(PlaceholderParser.java:298) ~[spring-core-6.2.12.jar:6.2.12]
	at org.springframework.util.PlaceholderParser.replacePlaceholders(PlaceholderParser.java:131) ~[spring-core-6.2.12.jar:6.2.12]
	at org.springframework.util.PropertyPlaceholderHelper.replacePlaceholders(PropertyPlaceholderHelper.java:114) ~[spring-core-6.2.12.jar:6.2.12]
	at org.springframework.core.env.AbstractPropertyResolver.doResolvePlaceholders(AbstractPropertyResolver.java:293) ~[spring-core-6.2.12.jar:6.2.12]
	at org.springframework.core.env.AbstractPropertyResolver.resolveRequiredPlaceholders(AbstractPropertyResolver.java:264) ~[spring-core-6.2.12.jar:6.2.12]
	at org.springframework.context.support.PropertySourcesPlaceholderConfigurer.lambda$processProperties$0(PropertySourcesPlaceholderConfigurer.java:186) ~[spring-context-6.2.12.jar:6.2.12]
	at org.springframework.beans.factory.support.AbstractBeanFactory.resolveEmbeddedValue(AbstractBeanFactory.java:970) ~[spring-beans-6.2.12.jar:6.2.12]
	at org.springframework.beans.factory.support.DefaultListableBeanFactory.doResolveDependency(DefaultListableBeanFactory.java:1675) ~[spring-beans-6.2.12.jar:6.2.12]
	at org.springframework.beans.factory.support.DefaultListableBeanFactory.resolveDependency(DefaultListableBeanFactory.java:1653) ~[spring-beans-6.2.12.jar:6.2.12]
	at org.springframework.beans.factory.annotation.AutowiredAnnotationBeanPostProcessor$AutowiredFieldElement.resolveFieldValue(AutowiredAnnotationBeanPostProcessor.java:785) ~[spring-beans-6.2.12.jar:6.2.12]
	at org.springframework.beans.factory.annotation.AutowiredAnnotationBeanPostProcessor$AutowiredFieldElement.inject(AutowiredAnnotationBeanPostProcessor.java:768) ~[spring-beans-6.2.12.jar:6.2.12]
	at org.springframework.beans.factory.annotation.InjectionMetadata.inject(InjectionMetadata.java:146) ~[spring-beans-6.2.12.jar:6.2.12]
	at org.springframework.beans.factory.annotation.AutowiredAnnotationBeanPostProcessor.postProcessProperties(AutowiredAnnotationBeanPostProcessor.java:509) ~[spring-beans-6.2.12.jar:6.2.12]
	... 45 common frames omitted

2025-11-04T01:54:00.940+05:30  INFO 8548 --- [backend] [main] c.h.backend.BackendApplication           : Starting BackendApplication using Java 24.0.2 with PID 8548 (C:\Users\jhjos\OneDrive\Desktop\HealthSpace\target\classes started by jhjos in C:\Users\jhjos\OneDrive\Desktop\HealthSpace)
2025-11-04T01:54:00.943+05:30  INFO 8548 --- [backend] [main] c.h.backend.BackendApplication           : No active profile set, falling back to 1 default profile: "default"
2025-11-04T01:54:01.833+05:30  INFO 8548 --- [backend] [main] .s.d.r.c.RepositoryConfigurationDelegate : Bootstrapping Spring Data JPA repositories in DEFAULT mode.
2025-11-04T01:54:01.928+05:30  INFO 8548 --- [backend] [main] .s.d.r.c.RepositoryConfigurationDelegate : Finished Spring Data repository scanning in 84 ms. Found 4 JPA repository interfaces.
2025-11-04T01:54:02.702+05:30  INFO 8548 --- [backend] [main] o.s.b.w.embedded.tomcat.TomcatWebServer  : Tomcat initialized with port 8080 (http)
2025-11-04T01:54:02.726+05:30  INFO 8548 --- [backend] [main] o.apache.catalina.core.StandardService   : Starting service [Tomcat]
2025-11-04T01:54:02.726+05:30  INFO 8548 --- [backend] [main] o.apache.catalina.core.StandardEngine    : Starting Servlet engine: [Apache Tomcat/10.1.48]
2025-11-04T01:54:02.796+05:30  INFO 8548 --- [backend] [main] o.a.c.c.C.[Tomcat].[localhost].[/]       : Initializing Spring embedded WebApplicationContext
2025-11-04T01:54:02.796+05:30  INFO 8548 --- [backend] [main] w.s.c.ServletWebServerApplicationContext : Root WebApplicationContext: initialization completed in 1791 ms
2025-11-04T01:54:03.058+05:30  INFO 8548 --- [backend] [main] o.hibernate.jpa.internal.util.LogHelper  : HHH000204: Processing PersistenceUnitInfo [name: default]
2025-11-04T01:54:03.134+05:30  INFO 8548 --- [backend] [main] org.hibernate.Version                    : HHH000412: Hibernate ORM core version 6.6.33.Final
2025-11-04T01:54:03.181+05:30  INFO 8548 --- [backend] [main] o.h.c.internal.RegionFactoryInitiator    : HHH000026: Second-level cache disabled
2025-11-04T01:54:03.560+05:30  INFO 8548 --- [backend] [main] o.s.o.j.p.SpringPersistenceUnitInfo      : No LoadTimeWeaver setup: ignoring JPA class transformer
2025-11-04T01:54:03.596+05:30  INFO 8548 --- [backend] [main] com.zaxxer.hikari.HikariDataSource       : HikariPool-1 - Starting...
2025-11-04T01:54:03.805+05:30  INFO 8548 --- [backend] [main] com.zaxxer.hikari.pool.HikariPool        : HikariPool-1 - Added connection org.postgresql.jdbc.PgConnection@763b0996
2025-11-04T01:54:03.809+05:30  INFO 8548 --- [backend] [main] com.zaxxer.hikari.HikariDataSource       : HikariPool-1 - Start completed.
2025-11-04T01:54:03.893+05:30  INFO 8548 --- [backend] [main] org.hibernate.orm.connections.pooling    : HHH10001005: Database info:
	Database JDBC URL [Connecting through datasource 'HikariDataSource (HikariPool-1)']
	Database driver: undefined/unknown
	Database version: 18.0
	Autocommit mode: undefined/unknown
	Isolation level: undefined/unknown
	Minimum pool size: undefined/unknown
	Maximum pool size: undefined/unknown
2025-11-04T01:54:04.967+05:30  INFO 8548 --- [backend] [main] o.h.e.t.j.p.i.JtaPlatformInitiator       : HHH000489: No JTA platform available (set 'hibernate.transaction.jta.platform' to enable JTA platform integration)
2025-11-04T01:54:05.032+05:30  INFO 8548 --- [backend] [main] j.LocalContainerEntityManagerFactoryBean : Initialized JPA EntityManagerFactory for persistence unit 'default'
2025-11-04T01:54:05.526+05:30  INFO 8548 --- [backend] [main] r$InitializeUserDetailsManagerConfigurer : Global AuthenticationManager configured with UserDetailsService bean with name userService
2025-11-04T01:54:05.640+05:30  WARN 8548 --- [backend] [main] ConfigServletWebServerApplicationContext : Exception encountered during context initialization - cancelling refresh attempt: org.springframework.beans.factory.BeanCreationException: Error creating bean with name 'authenticationManager' defined in class path resource [com/healthspace/backend/config/SecurityConfig.class]: Failed to instantiate [org.springframework.security.authentication.AuthenticationManager]: Factory method 'authenticationManager' threw exception with message: Could not postProcess org.springframework.security.authentication.dao.DaoAuthenticationProvider@35217e0 of type class org.springframework.security.authentication.dao.DaoAuthenticationProvider
2025-11-04T01:54:05.642+05:30  INFO 8548 --- [backend] [main] j.LocalContainerEntityManagerFactoryBean : Closing JPA EntityManagerFactory for persistence unit 'default'
2025-11-04T01:54:05.645+05:30  INFO 8548 --- [backend] [main] com.zaxxer.hikari.HikariDataSource       : HikariPool-1 - Shutdown initiated...
2025-11-04T01:54:05.649+05:30  INFO 8548 --- [backend] [main] com.zaxxer.hikari.HikariDataSource       : HikariPool-1 - Shutdown completed.
2025-11-04T01:54:05.654+05:30  INFO 8548 --- [backend] [main] o.apache.catalina.core.StandardService   : Stopping service [Tomcat]
2025-11-04T01:54:05.670+05:30  INFO 8548 --- [backend] [main] .s.b.a.l.ConditionEvaluationReportLogger : 

Error starting ApplicationContext. To display the condition evaluation report re-run your application with 'debug' enabled.
2025-11-04T01:54:05.690+05:30 ERROR 8548 --- [backend] [main] o.s.boot.SpringApplication               : Application run failed

org.springframework.beans.factory.BeanCreationException: Error creating bean with name 'authenticationManager' defined in class path resource [com/healthspace/backend/config/SecurityConfig.class]: Failed to instantiate [org.springframework.security.authentication.AuthenticationManager]: Factory method 'authenticationManager' threw exception with message: Could not postProcess org.springframework.security.authentication.dao.DaoAuthenticationProvider@35217e0 of type class org.springframework.security.authentication.dao.DaoAuthenticationProvider
	at org.springframework.beans.factory.support.ConstructorResolver.instantiate(ConstructorResolver.java:657) ~[spring-beans-6.2.12.jar:6.2.12]
	at org.springframework.beans.factory.support.ConstructorResolver.instantiateUsingFactoryMethod(ConstructorResolver.java:645) ~[spring-beans-6.2.12.jar:6.2.12]
	at org.springframework.beans.factory.support.AbstractAutowireCapableBeanFactory.instantiateUsingFactoryMethod(AbstractAutowireCapableBeanFactory.java:1375) ~[spring-beans-6.2.12.jar:6.2.12]
	at org.springframework.beans.factory.support.AbstractAutowireCapableBeanFactory.createBeanInstance(AbstractAutowireCapableBeanFactory.java:1205) ~[spring-beans-6.2.12.jar:6.2.12]
	at org.springframework.beans.factory.support.AbstractAutowireCapableBeanFactory.doCreateBean(AbstractAutowireCapableBeanFactory.java:569) ~[spring-beans-6.2.12.jar:6.2.12]
	at org.springframework.beans.factory.support.AbstractAutowireCapableBeanFactory.createBean(AbstractAutowireCapableBeanFactory.java:529) ~[spring-beans-6.2.12.jar:6.2.12]
	at org.springframework.beans.factory.support.AbstractBeanFactory.lambda$doGetBean$0(AbstractBeanFactory.java:339) ~[spring-beans-6.2.12.jar:6.2.12]
	at org.springframework.beans.factory.support.DefaultSingletonBeanRegistry.getSingleton(DefaultSingletonBeanRegistry.java:373) ~[spring-beans-6.2.12.jar:6.2.12]
	at org.springframework.beans.factory.support.AbstractBeanFactory.doGetBean(AbstractBeanFactory.java:337) ~[spring-beans-6.2.12.jar:6.2.12]
	at org.springframework.beans.factory.support.AbstractBeanFactory.getBean(AbstractBeanFactory.java:202) ~[spring-beans-6.2.12.jar:6.2.12]
	at org.springframework.beans.factory.support.DefaultListableBeanFactory.instantiateSingleton(DefaultListableBeanFactory.java:1228) ~[spring-beans-6.2.12.jar:6.2.12]
	at org.springframework.beans.factory.support.DefaultListableBeanFactory.preInstantiateSingleton(DefaultListableBeanFactory.java:1194) ~[spring-beans-6.2.12.jar:6.2.12]
	at org.springframework.beans.factory.support.DefaultListableBeanFactory.preInstantiateSingletons(DefaultListableBeanFactory.java:1130) ~[spring-beans-6.2.12.jar:6.2.12]
	at org.springframework.context.support.AbstractApplicationContext.finishBeanFactoryInitialization(AbstractApplicationContext.java:990) ~[spring-context-6.2.12.jar:6.2.12]
	at org.springframework.context.support.AbstractApplicationContext.refresh(AbstractApplicationContext.java:627) ~[spring-context-6.2.12.jar:6.2.12]
	at org.springframework.boot.web.servlet.context.ServletWebServerApplicationContext.refresh(ServletWebServerApplicationContext.java:146) ~[spring-boot-3.5.7.jar:3.5.7]
	at org.springframework.boot.SpringApplication.refresh(SpringApplication.java:752) ~[spring-boot-3.5.7.jar:3.5.7]
	at org.springframework.boot.SpringApplication.refreshContext(SpringApplication.java:439) ~[spring-boot-3.5.7.jar:3.5.7]
	at org.springframework.boot.SpringApplication.run(SpringApplication.java:318) ~[spring-boot-3.5.7.jar:3.5.7]
	at org.springframework.boot.SpringApplication.run(SpringApplication.java:1361) ~[spring-boot-3.5.7.jar:3.5.7]
	at org.springframework.boot.SpringApplication.run(SpringApplication.java:1350) ~[spring-boot-3.5.7.jar:3.5.7]
	at com.healthspace.backend.BackendApplication.main(BackendApplication.java:10) ~[classes/:na]
Caused by: org.springframework.beans.BeanInstantiationException: Failed to instantiate [org.springframework.security.authentication.AuthenticationManager]: Factory method 'authenticationManager' threw exception with message: Could not postProcess org.springframework.security.authentication.dao.DaoAuthenticationProvider@35217e0 of type class org.springframework.security.authentication.dao.DaoAuthenticationProvider
	at org.springframework.beans.factory.support.SimpleInstantiationStrategy.lambda$instantiate$0(SimpleInstantiationStrategy.java:200) ~[spring-beans-6.2.12.jar:6.2.12]
	at org.springframework.beans.factory.support.SimpleInstantiationStrategy.instantiateWithFactoryMethod(SimpleInstantiationStrategy.java:89) ~[spring-beans-6.2.12.jar:6.2.12]
	at org.springframework.beans.factory.support.SimpleInstantiationStrategy.instantiate(SimpleInstantiationStrategy.java:169) ~[spring-beans-6.2.12.jar:6.2.12]
	at org.springframework.beans.factory.support.ConstructorResolver.instantiate(ConstructorResolver.java:653) ~[spring-beans-6.2.12.jar:6.2.12]
	... 21 common frames omitted
Caused by: java.lang.RuntimeException: Could not postProcess org.springframework.security.authentication.dao.DaoAuthenticationProvider@35217e0 of type class org.springframework.security.authentication.dao.DaoAuthenticationProvider
	at org.springframework.security.config.annotation.configuration.AutowireBeanFactoryObjectPostProcessor.postProcess(AutowireBeanFactoryObjectPostProcessor.java:71) ~[spring-security-config-6.5.6.jar:6.5.6]
	at org.springframework.security.config.annotation.SecurityConfigurerAdapter$CompositeObjectPostProcessor.postProcess(SecurityConfigurerAdapter.java:130) ~[spring-security-config-6.5.6.jar:6.5.6]
	at org.springframework.security.config.annotation.SecurityConfigurerAdapter.postProcess(SecurityConfigurerAdapter.java:82) ~[spring-security-config-6.5.6.jar:6.5.6]
	at org.springframework.security.config.annotation.authentication.configurers.userdetails.AbstractDaoAuthenticationConfigurer.configure(AbstractDaoAuthenticationConfigurer.java:96) ~[spring-security-config-6.5.6.jar:6.5.6]
	at org.springframework.security.config.annotation.authentication.configurers.userdetails.AbstractDaoAuthenticationConfigurer.configure(AbstractDaoAuthenticationConfigurer.java:36) ~[spring-security-config-6.5.6.jar:6.5.6]
	at org.springframework.security.config.annotation.AbstractConfiguredSecurityBuilder.configure(AbstractConfiguredSecurityBuilder.java:403) ~[spring-security-config-6.5.6.jar:6.5.6]
	at org.springframework.security.config.annotation.AbstractConfiguredSecurityBuilder.doBuild(AbstractConfiguredSecurityBuilder.java:353) ~[spring-security-config-6.5.6.jar:6.5.6]
	at org.springframework.security.config.annotation.AbstractSecurityBuilder.build(AbstractSecurityBuilder.java:38) ~[spring-security-config-6.5.6.jar:6.5.6]
	at com.healthspace.backend.config.SecurityConfig.authenticationManager(SecurityConfig.java:37) ~[classes/:na]
	at com.healthspace.backend.config.SecurityConfig$$SpringCGLIB$$0.CGLIB$authenticationManager$1(<generated>) ~[classes/:na]
	at com.healthspace.backend.config.SecurityConfig$$SpringCGLIB$$FastClass$$1.invoke(<generated>) ~[classes/:na]
	at org.springframework.cglib.proxy.MethodProxy.invokeSuper(MethodProxy.java:258) ~[spring-core-6.2.12.jar:6.2.12]
	at org.springframework.context.annotation.ConfigurationClassEnhancer$BeanMethodInterceptor.intercept(ConfigurationClassEnhancer.java:400) ~[spring-context-6.2.12.jar:6.2.12]
	at com.healthspace.backend.config.SecurityConfig$$SpringCGLIB$$0.authenticationManager(<generated>) ~[classes/:na]
	at java.base/jdk.internal.reflect.DirectMethodHandleAccessor.invoke(DirectMethodHandleAccessor.java:104) ~[na:na]
	at java.base/java.lang.reflect.Method.invoke(Method.java:565) ~[na:na]
	at org.springframework.beans.factory.support.SimpleInstantiationStrategy.lambda$instantiate$0(SimpleInstantiationStrategy.java:172) ~[spring-beans-6.2.12.jar:6.2.12]
	... 24 common frames omitted
Caused by: org.springframework.beans.factory.BeanCreationException: Error creating bean with name 'org.springframework.security.authentication.dao.DaoAuthenticationProvider@35217e0': A UserDetailsService must be set
	at org.springframework.beans.factory.support.AbstractAutowireCapableBeanFactory.initializeBean(AbstractAutowireCapableBeanFactory.java:1826) ~[spring-beans-6.2.12.jar:6.2.12]
	at org.springframework.beans.factory.support.AbstractAutowireCapableBeanFactory.initializeBean(AbstractAutowireCapableBeanFactory.java:419) ~[spring-beans-6.2.12.jar:6.2.12]
	at org.springframework.security.config.annotation.configuration.AutowireBeanFactoryObjectPostProcessor.initializeBeanIfNeeded(AutowireBeanFactoryObjectPostProcessor.java:98) ~[spring-security-config-6.5.6.jar:6.5.6]
	at org.springframework.security.config.annotation.configuration.AutowireBeanFactoryObjectPostProcessor.postProcess(AutowireBeanFactoryObjectPostProcessor.java:67) ~[spring-security-config-6.5.6.jar:6.5.6]
	... 40 common frames omitted
Caused by: java.lang.IllegalArgumentException: A UserDetailsService must be set
	at org.springframework.util.Assert.notNull(Assert.java:181) ~[spring-core-6.2.12.jar:6.2.12]
	at org.springframework.security.authentication.dao.DaoAuthenticationProvider.doAfterPropertiesSet(DaoAuthenticationProvider.java:113) ~[spring-security-core-6.5.6.jar:6.5.6]
	at org.springframework.security.authentication.dao.AbstractUserDetailsAuthenticationProvider.afterPropertiesSet(AbstractUserDetailsAuthenticationProvider.java:122) ~[spring-security-core-6.5.6.jar:6.5.6]
	at org.springframework.beans.factory.support.AbstractAutowireCapableBeanFactory.invokeInitMethods(AbstractAutowireCapableBeanFactory.java:1873) ~[spring-beans-6.2.12.jar:6.2.12]
	at org.springframework.beans.factory.support.AbstractAutowireCapableBeanFactory.initializeBean(AbstractAutowireCapableBeanFactory.java:1822) ~[spring-beans-6.2.12.jar:6.2.12]
	... 43 common frames omitted

2025-11-04T01:56:00.639+05:30  INFO 19088 --- [backend] [main] c.h.backend.BackendApplication           : Starting BackendApplication using Java 24.0.2 with PID 19088 (C:\Users\jhjos\OneDrive\Desktop\HealthSpace\target\classes started by jhjos in C:\Users\jhjos\OneDrive\Desktop\HealthSpace)
2025-11-04T01:56:00.642+05:30  INFO 19088 --- [backend] [main] c.h.backend.BackendApplication           : No active profile set, falling back to 1 default profile: "default"
2025-11-04T01:56:01.503+05:30  INFO 19088 --- [backend] [main] .s.d.r.c.RepositoryConfigurationDelegate : Bootstrapping Spring Data JPA repositories in DEFAULT mode.
2025-11-04T01:56:01.584+05:30  INFO 19088 --- [backend] [main] .s.d.r.c.RepositoryConfigurationDelegate : Finished Spring Data repository scanning in 71 ms. Found 4 JPA repository interfaces.
2025-11-04T01:56:02.285+05:30  INFO 19088 --- [backend] [main] o.s.b.w.embedded.tomcat.TomcatWebServer  : Tomcat initialized with port 8080 (http)
2025-11-04T01:56:02.302+05:30  INFO 19088 --- [backend] [main] o.apache.catalina.core.StandardService   : Starting service [Tomcat]
2025-11-04T01:56:02.302+05:30  INFO 19088 --- [backend] [main] o.apache.catalina.core.StandardEngine    : Starting Servlet engine: [Apache Tomcat/10.1.48]
2025-11-04T01:56:02.368+05:30  INFO 19088 --- [backend] [main] o.a.c.c.C.[Tomcat].[localhost].[/]       : Initializing Spring embedded WebApplicationContext
2025-11-04T01:56:02.369+05:30  INFO 19088 --- [backend] [main] w.s.c.ServletWebServerApplicationContext : Root WebApplicationContext: initialization completed in 1667 ms
2025-11-04T01:56:02.611+05:30  INFO 19088 --- [backend] [main] o.hibernate.jpa.internal.util.LogHelper  : HHH000204: Processing PersistenceUnitInfo [name: default]
2025-11-04T01:56:02.688+05:30  INFO 19088 --- [backend] [main] org.hibernate.Version                    : HHH000412: Hibernate ORM core version 6.6.33.Final
2025-11-04T01:56:02.736+05:30  INFO 19088 --- [backend] [main] o.h.c.internal.RegionFactoryInitiator    : HHH000026: Second-level cache disabled
2025-11-04T01:56:03.147+05:30  INFO 19088 --- [backend] [main] o.s.o.j.p.SpringPersistenceUnitInfo      : No LoadTimeWeaver setup: ignoring JPA class transformer
2025-11-04T01:56:03.185+05:30  INFO 19088 --- [backend] [main] com.zaxxer.hikari.HikariDataSource       : HikariPool-1 - Starting...
2025-11-04T01:56:03.378+05:30  INFO 19088 --- [backend] [main] com.zaxxer.hikari.pool.HikariPool        : HikariPool-1 - Added connection org.postgresql.jdbc.PgConnection@10745a02
2025-11-04T01:56:03.380+05:30  INFO 19088 --- [backend] [main] com.zaxxer.hikari.HikariDataSource       : HikariPool-1 - Start completed.
2025-11-04T01:56:03.462+05:30  INFO 19088 --- [backend] [main] org.hibernate.orm.connections.pooling    : HHH10001005: Database info:
	Database JDBC URL [Connecting through datasource 'HikariDataSource (HikariPool-1)']
	Database driver: undefined/unknown
	Database version: 18.0
	Autocommit mode: undefined/unknown
	Isolation level: undefined/unknown
	Minimum pool size: undefined/unknown
	Maximum pool size: undefined/unknown
2025-11-04T01:56:04.504+05:30  INFO 19088 --- [backend] [main] o.h.e.t.j.p.i.JtaPlatformInitiator       : HHH000489: No JTA platform available (set 'hibernate.transaction.jta.platform' to enable JTA platform integration)
2025-11-04T01:56:04.562+05:30  INFO 19088 --- [backend] [main] j.LocalContainerEntityManagerFactoryBean : Initialized JPA EntityManagerFactory for persistence unit 'default'
2025-11-04T01:56:05.028+05:30  INFO 19088 --- [backend] [main] eAuthenticationProviderManagerConfigurer : Global AuthenticationManager configured with AuthenticationProvider bean with name authenticationProvider
2025-11-04T01:56:05.028+05:30  WARN 19088 --- [backend] [main] r$InitializeUserDetailsManagerConfigurer : Global AuthenticationManager configured with an AuthenticationProvider bean. UserDetailsService beans will not be used by Spring Security for automatically configuring username/password login. Consider removing the AuthenticationProvider bean. Alternatively, consider using the UserDetailsService in a manually instantiated DaoAuthenticationProvider. If the current configuration is intentional, to turn off this warning, increase the logging level of 'org.springframework.security.config.annotation.authentication.configuration.InitializeUserDetailsBeanManagerConfigurer' to ERROR
2025-11-04T01:56:05.240+05:30 DEBUG 19088 --- [backend] [main] s.w.s.m.m.a.RequestMappingHandlerMapping : 18 mappings in 'requestMappingHandlerMapping'
2025-11-04T01:56:05.331+05:30 DEBUG 19088 --- [backend] [main] o.s.w.s.handler.SimpleUrlHandlerMapping  : Patterns [/webjars/**, /**] in 'resourceHandlerMapping'
2025-11-04T01:56:05.422+05:30 DEBUG 19088 --- [backend] [main] s.w.s.m.m.a.RequestMappingHandlerAdapter : ControllerAdvice beans: 0 @ModelAttribute, 0 @InitBinder, 1 RequestBodyAdvice, 1 ResponseBodyAdvice
2025-11-04T01:56:05.479+05:30 DEBUG 19088 --- [backend] [main] .m.m.a.ExceptionHandlerExceptionResolver : ControllerAdvice beans: 0 @ExceptionHandler, 1 ResponseBodyAdvice
2025-11-04T01:56:05.772+05:30  INFO 19088 --- [backend] [main] o.s.b.w.embedded.tomcat.TomcatWebServer  : Tomcat started on port 8080 (http) with context path '/'
2025-11-04T01:56:05.782+05:30  INFO 19088 --- [backend] [main] c.h.backend.BackendApplication           : Started BackendApplication in 5.796 seconds (process running for 6.638)
2025-11-04T01:57:58.560+05:30  INFO 19088 --- [backend] [http-nio-8080-exec-2] o.a.c.c.C.[Tomcat].[localhost].[/]       : Initializing Spring DispatcherServlet 'dispatcherServlet'
2025-11-04T01:57:58.560+05:30  INFO 19088 --- [backend] [http-nio-8080-exec-2] o.s.web.servlet.DispatcherServlet        : Initializing Servlet 'dispatcherServlet'
2025-11-04T01:57:58.561+05:30 DEBUG 19088 --- [backend] [http-nio-8080-exec-2] o.s.web.servlet.DispatcherServlet        : Detected StandardServletMultipartResolver
2025-11-04T01:57:58.561+05:30 DEBUG 19088 --- [backend] [http-nio-8080-exec-2] o.s.web.servlet.DispatcherServlet        : Detected AcceptHeaderLocaleResolver
2025-11-04T01:57:58.561+05:30 DEBUG 19088 --- [backend] [http-nio-8080-exec-2] o.s.web.servlet.DispatcherServlet        : Detected FixedThemeResolver
2025-11-04T01:57:58.563+05:30 DEBUG 19088 --- [backend] [http-nio-8080-exec-2] o.s.web.servlet.DispatcherServlet        : Detected org.springframework.web.servlet.view.DefaultRequestToViewNameTranslator@2b0d818d
2025-11-04T01:57:58.563+05:30 DEBUG 19088 --- [backend] [http-nio-8080-exec-2] o.s.web.servlet.DispatcherServlet        : Detected org.springframework.web.servlet.support.SessionFlashMapManager@7f6936cc
2025-11-04T01:57:58.564+05:30 DEBUG 19088 --- [backend] [http-nio-8080-exec-2] o.s.web.servlet.DispatcherServlet        : enableLoggingRequestDetails='false': request parameters and headers will be masked to prevent unsafe logging of potentially sensitive data
2025-11-04T01:57:58.564+05:30  INFO 19088 --- [backend] [http-nio-8080-exec-2] o.s.web.servlet.DispatcherServlet        : Completed initialization in 3 ms
2025-11-04T01:57:58.601+05:30 DEBUG 19088 --- [backend] [http-nio-8080-exec-2] o.s.web.servlet.DispatcherServlet        : POST "/api/auth/register", parameters={}
2025-11-04T01:57:58.603+05:30 DEBUG 19088 --- [backend] [http-nio-8080-exec-2] s.w.s.m.m.a.RequestMappingHandlerMapping : Mapped to com.healthspace.backend.controller.AuthController#registerUser(User)
2025-11-04T01:57:58.710+05:30 DEBUG 19088 --- [backend] [http-nio-8080-exec-2] m.m.a.RequestResponseBodyMethodProcessor : Read "application/json;charset=UTF-8" to [com.healthspace.backend.entity.User@4c24535a]
2025-11-04T01:57:58.887+05:30 DEBUG 19088 --- [backend] [http-nio-8080-exec-2] org.hibernate.SQL                        : 
    insert 
    into
        users
        (email, name, password, role) 
    values
        (?, ?, ?, ?)
2025-11-04T01:57:58.969+05:30 DEBUG 19088 --- [backend] [http-nio-8080-exec-2] m.m.a.RequestResponseBodyMethodProcessor : Using 'application/json', given [*/*] and supported [application/json, application/*+json]
2025-11-04T01:57:58.971+05:30 DEBUG 19088 --- [backend] [http-nio-8080-exec-2] m.m.a.RequestResponseBodyMethodProcessor : Writing [com.healthspace.backend.entity.User@4c24535a]
2025-11-04T01:57:58.987+05:30 DEBUG 19088 --- [backend] [http-nio-8080-exec-2] o.s.web.servlet.DispatcherServlet        : Completed 200 OK
2025-11-04T01:58:33.012+05:30 DEBUG 19088 --- [backend] [http-nio-8080-exec-3] o.s.web.servlet.DispatcherServlet        : POST "/api/auth/login", parameters={}
2025-11-04T01:58:33.013+05:30 DEBUG 19088 --- [backend] [http-nio-8080-exec-3] s.w.s.m.m.a.RequestMappingHandlerMapping : Mapped to com.healthspace.backend.controller.AuthController#login(AuthRequest)
2025-11-04T01:58:33.015+05:30 DEBUG 19088 --- [backend] [http-nio-8080-exec-3] m.m.a.RequestResponseBodyMethodProcessor : Read "application/json;charset=UTF-8" to [com.healthspace.backend.dto.AuthRequest@1f73a2d8]
2025-11-04T01:58:33.210+05:30 DEBUG 19088 --- [backend] [http-nio-8080-exec-3] org.hibernate.SQL                        : 
    select
        u1_0.id,
        u1_0.email,
        u1_0.name,
        u1_0.password,
        u1_0.role 
    from
        users u1_0 
    where
        u1_0.email=?
2025-11-04T01:58:33.240+05:30 DEBUG 19088 --- [backend] [http-nio-8080-exec-3] o.s.w.s.m.m.a.HttpEntityMethodProcessor  : Using 'text/plain', given [*/*] and supported [text/plain, */*, application/json, application/*+json]
2025-11-04T01:58:33.241+05:30 DEBUG 19088 --- [backend] [http-nio-8080-exec-3] o.s.w.s.m.m.a.HttpEntityMethodProcessor  : Writing ["Invalid credentials"]
2025-11-04T01:58:33.243+05:30 DEBUG 19088 --- [backend] [http-nio-8080-exec-3] o.s.web.servlet.DispatcherServlet        : Completed 401 UNAUTHORIZED
2025-11-04T01:58:53.742+05:30 DEBUG 19088 --- [backend] [http-nio-8080-exec-4] o.s.web.servlet.DispatcherServlet        : POST "/api/auth/register", parameters={}
2025-11-04T01:58:53.743+05:30 DEBUG 19088 --- [backend] [http-nio-8080-exec-4] s.w.s.m.m.a.RequestMappingHandlerMapping : Mapped to com.healthspace.backend.controller.AuthController#registerUser(User)
2025-11-04T01:58:53.744+05:30 DEBUG 19088 --- [backend] [http-nio-8080-exec-4] m.m.a.RequestResponseBodyMethodProcessor : Read "application/json;charset=UTF-8" to [com.healthspace.backend.entity.User@45ce82df]
2025-11-04T01:58:53.863+05:30 DEBUG 19088 --- [backend] [http-nio-8080-exec-4] org.hibernate.SQL                        : 
    insert 
    into
        users
        (email, name, password, role) 
    values
        (?, ?, ?, ?)
2025-11-04T01:58:53.874+05:30 DEBUG 19088 --- [backend] [http-nio-8080-exec-4] m.m.a.RequestResponseBodyMethodProcessor : Using 'application/json', given [*/*] and supported [application/json, application/*+json]
2025-11-04T01:58:53.876+05:30 DEBUG 19088 --- [backend] [http-nio-8080-exec-4] m.m.a.RequestResponseBodyMethodProcessor : Writing [com.healthspace.backend.entity.User@45ce82df]
2025-11-04T01:58:53.877+05:30 DEBUG 19088 --- [backend] [http-nio-8080-exec-4] o.s.web.servlet.DispatcherServlet        : Completed 200 OK
2025-11-04T01:59:11.282+05:30 DEBUG 19088 --- [backend] [http-nio-8080-exec-5] o.s.web.servlet.DispatcherServlet        : POST "/api/auth/login", parameters={}
2025-11-04T01:59:11.284+05:30 DEBUG 19088 --- [backend] [http-nio-8080-exec-5] s.w.s.m.m.a.RequestMappingHandlerMapping : Mapped to com.healthspace.backend.controller.AuthController#login(AuthRequest)
2025-11-04T01:59:11.285+05:30 DEBUG 19088 --- [backend] [http-nio-8080-exec-5] m.m.a.RequestResponseBodyMethodProcessor : Read "application/json;charset=UTF-8" to [com.healthspace.backend.dto.AuthRequest@1a5705f0]
2025-11-04T01:59:11.287+05:30 DEBUG 19088 --- [backend] [http-nio-8080-exec-5] org.hibernate.SQL                        : 
    select
        u1_0.id,
        u1_0.email,
        u1_0.name,
        u1_0.password,
        u1_0.role 
    from
        users u1_0 
    where
        u1_0.email=?
2025-11-04T01:59:11.289+05:30 DEBUG 19088 --- [backend] [http-nio-8080-exec-5] o.s.w.s.m.m.a.HttpEntityMethodProcessor  : Using 'text/plain', given [*/*] and supported [text/plain, */*, application/json, application/*+json]
2025-11-04T01:59:11.290+05:30 DEBUG 19088 --- [backend] [http-nio-8080-exec-5] o.s.w.s.m.m.a.HttpEntityMethodProcessor  : Writing ["Invalid credentials"]
2025-11-04T01:59:11.291+05:30 DEBUG 19088 --- [backend] [http-nio-8080-exec-5] o.s.web.servlet.DispatcherServlet        : Completed 401 UNAUTHORIZED
2025-11-04T02:02:23.193+05:30 DEBUG 19088 --- [backend] [http-nio-8080-exec-10] o.s.web.servlet.DispatcherServlet        : POST "/api/auth/register", parameters={}
2025-11-04T02:02:23.193+05:30 DEBUG 19088 --- [backend] [http-nio-8080-exec-10] s.w.s.m.m.a.RequestMappingHandlerMapping : Mapped to com.healthspace.backend.controller.AuthController#registerUser(User)
2025-11-04T02:02:23.195+05:30 DEBUG 19088 --- [backend] [http-nio-8080-exec-10] m.m.a.RequestResponseBodyMethodProcessor : Read "application/json;charset=UTF-8" to [com.healthspace.backend.entity.User@b16995c]
2025-11-04T02:02:23.330+05:30 DEBUG 19088 --- [backend] [http-nio-8080-exec-10] org.hibernate.SQL                        : 
    insert 
    into
        users
        (email, name, password, role) 
    values
        (?, ?, ?, ?)
2025-11-04T02:02:23.340+05:30 DEBUG 19088 --- [backend] [http-nio-8080-exec-10] m.m.a.RequestResponseBodyMethodProcessor : Using 'application/json', given [*/*] and supported [application/json, application/*+json]
2025-11-04T02:02:23.340+05:30 DEBUG 19088 --- [backend] [http-nio-8080-exec-10] m.m.a.RequestResponseBodyMethodProcessor : Writing [com.healthspace.backend.entity.User@b16995c]
2025-11-04T02:02:23.341+05:30 DEBUG 19088 --- [backend] [http-nio-8080-exec-10] o.s.web.servlet.DispatcherServlet        : Completed 200 OK
2025-11-04T02:02:42.943+05:30 DEBUG 19088 --- [backend] [http-nio-8080-exec-9] o.s.web.servlet.DispatcherServlet        : POST "/api/auth/login", parameters={}
2025-11-04T02:02:42.943+05:30 DEBUG 19088 --- [backend] [http-nio-8080-exec-9] s.w.s.m.m.a.RequestMappingHandlerMapping : Mapped to com.healthspace.backend.controller.AuthController#login(AuthRequest)
2025-11-04T02:02:42.944+05:30 DEBUG 19088 --- [backend] [http-nio-8080-exec-9] m.m.a.RequestResponseBodyMethodProcessor : Read "application/json;charset=UTF-8" to [com.healthspace.backend.dto.AuthRequest@2b1c0485]
2025-11-04T02:02:42.946+05:30 DEBUG 19088 --- [backend] [http-nio-8080-exec-9] org.hibernate.SQL                        : 
    select
        u1_0.id,
        u1_0.email,
        u1_0.name,
        u1_0.password,
        u1_0.role 
    from
        users u1_0 
    where
        u1_0.email=?
2025-11-04T02:02:42.950+05:30 DEBUG 19088 --- [backend] [http-nio-8080-exec-9] o.s.w.s.m.m.a.HttpEntityMethodProcessor  : Using 'text/plain', given [*/*] and supported [text/plain, */*, application/json, application/*+json]
2025-11-04T02:02:42.950+05:30 DEBUG 19088 --- [backend] [http-nio-8080-exec-9] o.s.w.s.m.m.a.HttpEntityMethodProcessor  : Writing ["Invalid credentials"]
2025-11-04T02:02:42.951+05:30 DEBUG 19088 --- [backend] [http-nio-8080-exec-9] o.s.web.servlet.DispatcherServlet        : Completed 401 UNAUTHORIZED
2025-11-04T02:02:57.421+05:30 DEBUG 19088 --- [backend] [http-nio-8080-exec-8] o.s.web.servlet.DispatcherServlet        : POST "/api/auth/login", parameters={}
2025-11-04T02:02:57.422+05:30 DEBUG 19088 --- [backend] [http-nio-8080-exec-8] s.w.s.m.m.a.RequestMappingHandlerMapping : Mapped to com.healthspace.backend.controller.AuthController#login(AuthRequest)
2025-11-04T02:02:57.423+05:30 DEBUG 19088 --- [backend] [http-nio-8080-exec-8] m.m.a.RequestResponseBodyMethodProcessor : Read "application/json;charset=UTF-8" to [com.healthspace.backend.dto.AuthRequest@60af0aed]
2025-11-04T02:02:57.424+05:30 DEBUG 19088 --- [backend] [http-nio-8080-exec-8] org.hibernate.SQL                        : 
    select
        u1_0.id,
        u1_0.email,
        u1_0.name,
        u1_0.password,
        u1_0.role 
    from
        users u1_0 
    where
        u1_0.email=?
2025-11-04T02:02:57.575+05:30 DEBUG 19088 --- [backend] [http-nio-8080-exec-8] o.s.w.s.m.m.a.HttpEntityMethodProcessor  : Using 'application/json', given [*/*] and supported [application/json, application/*+json]
2025-11-04T02:02:57.575+05:30 DEBUG 19088 --- [backend] [http-nio-8080-exec-8] o.s.w.s.m.m.a.HttpEntityMethodProcessor  : Writing [com.healthspace.backend.dto.AuthResponse@6da78ac5]
2025-11-04T02:02:57.577+05:30 DEBUG 19088 --- [backend] [http-nio-8080-exec-8] o.s.web.servlet.DispatcherServlet        : Completed 200 OK
2025-11-04T02:03:49.546+05:30  INFO 19088 --- [backend] [SpringApplicationShutdownHook] o.s.b.w.e.tomcat.GracefulShutdown        : Commencing graceful shutdown. Waiting for active requests to complete
2025-11-04T02:03:49.555+05:30  INFO 19088 --- [backend] [tomcat-shutdown] o.s.b.w.e.tomcat.GracefulShutdown        : Graceful shutdown complete
2025-11-04T02:03:49.561+05:30  INFO 19088 --- [backend] [SpringApplicationShutdownHook] j.LocalContainerEntityManagerFactoryBean : Closing JPA EntityManagerFactory for persistence unit 'default'
2025-11-04T02:03:49.563+05:30  INFO 19088 --- [backend] [SpringApplicationShutdownHook] com.zaxxer.hikari.HikariDataSource       : HikariPool-1 - Shutdown initiated...
2025-11-04T02:03:49.567+05:30  INFO 19088 --- [backend] [SpringApplicationShutdownHook] com.zaxxer.hikari.HikariDataSource       : HikariPool-1 - Shutdown completed.
2025-11-04T02:07:46.424+05:30  INFO 21476 --- [backend] [main] c.h.backend.BackendApplication           : Starting BackendApplication using Java 24.0.2 with PID 21476 (C:\Users\jhjos\OneDrive\Desktop\HealthSpace\target\classes started by jhjos in C:\Users\jhjos\OneDrive\Desktop\HealthSpace)
2025-11-04T02:07:46.427+05:30  INFO 21476 --- [backend] [main] c.h.backend.BackendApplication           : No active profile set, falling back to 1 default profile: "default"
2025-11-04T02:07:47.226+05:30  INFO 21476 --- [backend] [main] .s.d.r.c.RepositoryConfigurationDelegate : Bootstrapping Spring Data JPA repositories in DEFAULT mode.
2025-11-04T02:07:47.305+05:30  INFO 21476 --- [backend] [main] .s.d.r.c.RepositoryConfigurationDelegate : Finished Spring Data repository scanning in 68 ms. Found 4 JPA repository interfaces.
2025-11-04T02:07:47.981+05:30  INFO 21476 --- [backend] [main] o.s.b.w.embedded.tomcat.TomcatWebServer  : Tomcat initialized with port 8080 (http)
2025-11-04T02:07:47.998+05:30  INFO 21476 --- [backend] [main] o.apache.catalina.core.StandardService   : Starting service [Tomcat]
2025-11-04T02:07:47.999+05:30  INFO 21476 --- [backend] [main] o.apache.catalina.core.StandardEngine    : Starting Servlet engine: [Apache Tomcat/10.1.48]
2025-11-04T02:07:48.070+05:30  INFO 21476 --- [backend] [main] o.a.c.c.C.[Tomcat].[localhost].[/]       : Initializing Spring embedded WebApplicationContext
2025-11-04T02:07:48.071+05:30  INFO 21476 --- [backend] [main] w.s.c.ServletWebServerApplicationContext : Root WebApplicationContext: initialization completed in 1581 ms
2025-11-04T02:07:48.241+05:30  INFO 21476 --- [backend] [main] o.hibernate.jpa.internal.util.LogHelper  : HHH000204: Processing PersistenceUnitInfo [name: default]
2025-11-04T02:07:48.323+05:30  INFO 21476 --- [backend] [main] org.hibernate.Version                    : HHH000412: Hibernate ORM core version 6.6.33.Final
2025-11-04T02:07:48.363+05:30  INFO 21476 --- [backend] [main] o.h.c.internal.RegionFactoryInitiator    : HHH000026: Second-level cache disabled
2025-11-04T02:07:48.742+05:30  INFO 21476 --- [backend] [main] o.s.o.j.p.SpringPersistenceUnitInfo      : No LoadTimeWeaver setup: ignoring JPA class transformer
2025-11-04T02:07:48.778+05:30  INFO 21476 --- [backend] [main] com.zaxxer.hikari.HikariDataSource       : HikariPool-1 - Starting...
2025-11-04T02:07:48.978+05:30  INFO 21476 --- [backend] [main] com.zaxxer.hikari.pool.HikariPool        : HikariPool-1 - Added connection org.postgresql.jdbc.PgConnection@45707f76
2025-11-04T02:07:48.981+05:30  INFO 21476 --- [backend] [main] com.zaxxer.hikari.HikariDataSource       : HikariPool-1 - Start completed.
2025-11-04T02:07:49.062+05:30  INFO 21476 --- [backend] [main] org.hibernate.orm.connections.pooling    : HHH10001005: Database info:
	Database JDBC URL [Connecting through datasource 'HikariDataSource (HikariPool-1)']
	Database driver: undefined/unknown
	Database version: 18.0
	Autocommit mode: undefined/unknown
	Isolation level: undefined/unknown
	Minimum pool size: undefined/unknown
	Maximum pool size: undefined/unknown
2025-11-04T02:07:50.134+05:30  INFO 21476 --- [backend] [main] o.h.e.t.j.p.i.JtaPlatformInitiator       : HHH000489: No JTA platform available (set 'hibernate.transaction.jta.platform' to enable JTA platform integration)
2025-11-04T02:07:50.194+05:30  INFO 21476 --- [backend] [main] j.LocalContainerEntityManagerFactoryBean : Initialized JPA EntityManagerFactory for persistence unit 'default'
2025-11-04T02:07:50.543+05:30 ERROR 21476 --- [backend] [main] o.s.b.web.embedded.tomcat.TomcatStarter  : Error starting Tomcat context. Exception: org.springframework.beans.factory.UnsatisfiedDependencyException. Message: Error creating bean with name 'jwtAuthFilter': Unsatisfied dependency expressed through field 'userService': Error creating bean with name 'userService': Unsatisfied dependency expressed through field 'passwordEncoder': Error creating bean with name 'securityConfig': Unsatisfied dependency expressed through field 'jwtAuthFilter': Error creating bean with name 'jwtAuthFilter': Requested bean is currently in creation: Is there an unresolvable circular reference or an asynchronous initialization dependency?
2025-11-04T02:07:50.570+05:30  INFO 21476 --- [backend] [main] o.apache.catalina.core.StandardService   : Stopping service [Tomcat]
2025-11-04T02:07:50.574+05:30  WARN 21476 --- [backend] [main] o.a.c.loader.WebappClassLoaderBase       : The web application [ROOT] appears to have started a thread named [HikariPool-1:housekeeper] but has failed to stop it. This is very likely to create a memory leak. Stack trace of thread:
 java.base/jdk.internal.misc.Unsafe.park(Native Method)
 java.base/java.util.concurrent.locks.LockSupport.parkNanos(LockSupport.java:271)
 java.base/java.util.concurrent.locks.AbstractQueuedSynchronizer$ConditionObject.awaitNanos(AbstractQueuedSynchronizer.java:1802)
 java.base/java.util.concurrent.ScheduledThreadPoolExecutor$DelayedWorkQueue.take(ScheduledThreadPoolExecutor.java:1166)
 java.base/java.util.concurrent.ScheduledThreadPoolExecutor$DelayedWorkQueue.take(ScheduledThreadPoolExecutor.java:883)
 java.base/java.util.concurrent.ThreadPoolExecutor.getTask(ThreadPoolExecutor.java:1021)
 java.base/java.util.concurrent.ThreadPoolExecutor.runWorker(ThreadPoolExecutor.java:1081)
 java.base/java.util.concurrent.ThreadPoolExecutor$Worker.run(ThreadPoolExecutor.java:619)
 java.base/java.lang.Thread.run(Thread.java:1447)
2025-11-04T02:07:50.575+05:30  WARN 21476 --- [backend] [main] o.a.c.loader.WebappClassLoaderBase       : The web application [ROOT] appears to have started a thread named [HikariPool-1:connection-adder] but has failed to stop it. This is very likely to create a memory leak. Stack trace of thread:
 java.base/jdk.internal.misc.Unsafe.park(Native Method)
 java.base/java.util.concurrent.locks.LockSupport.parkNanos(LockSupport.java:271)
 java.base/java.util.concurrent.locks.AbstractQueuedSynchronizer$ConditionObject.awaitNanos(AbstractQueuedSynchronizer.java:1802)
 java.base/java.util.concurrent.LinkedBlockingQueue.poll(LinkedBlockingQueue.java:460)
 java.base/java.util.concurrent.ThreadPoolExecutor.getTask(ThreadPoolExecutor.java:1020)
 java.base/java.util.concurrent.ThreadPoolExecutor.runWorker(ThreadPoolExecutor.java:1081)
 java.base/java.util.concurrent.ThreadPoolExecutor$Worker.run(ThreadPoolExecutor.java:619)
 java.base/java.lang.Thread.run(Thread.java:1447)
2025-11-04T02:07:50.577+05:30  WARN 21476 --- [backend] [main] ConfigServletWebServerApplicationContext : Exception encountered during context initialization - cancelling refresh attempt: org.springframework.context.ApplicationContextException: Unable to start web server
2025-11-04T02:07:50.578+05:30  INFO 21476 --- [backend] [main] j.LocalContainerEntityManagerFactoryBean : Closing JPA EntityManagerFactory for persistence unit 'default'
2025-11-04T02:07:50.581+05:30  INFO 21476 --- [backend] [main] com.zaxxer.hikari.HikariDataSource       : HikariPool-1 - Shutdown initiated...
2025-11-04T02:07:50.587+05:30  INFO 21476 --- [backend] [main] com.zaxxer.hikari.HikariDataSource       : HikariPool-1 - Shutdown completed.
2025-11-04T02:07:50.601+05:30  INFO 21476 --- [backend] [main] .s.b.a.l.ConditionEvaluationReportLogger : 

Error starting ApplicationContext. To display the condition evaluation report re-run your application with 'debug' enabled.
2025-11-04T02:07:50.620+05:30 ERROR 21476 --- [backend] [main] o.s.b.d.LoggingFailureAnalysisReporter   : 

***************************
APPLICATION FAILED TO START
***************************

Description:

The dependencies of some of the beans in the application context form a cycle:

┌─────┐
|  jwtAuthFilter (field private com.healthspace.backend.service.UserService com.healthspace.backend.security.JwtAuthFilter.userService)
↑     ↓
|  userService (field private org.springframework.security.crypto.password.PasswordEncoder com.healthspace.backend.service.UserService.passwordEncoder)
↑     ↓
|  securityConfig (field private com.healthspace.backend.security.JwtAuthFilter com.healthspace.backend.config.SecurityConfig.jwtAuthFilter)
└─────┘


Action:

Relying upon circular references is discouraged and they are prohibited by default. Update your application to remove the dependency cycle between beans. As a last resort, it may be possible to break the cycle automatically by setting spring.main.allow-circular-references to true.

2025-11-04T02:09:26.613+05:30  INFO 22136 --- [backend] [main] c.h.backend.BackendApplication           : Starting BackendApplication using Java 24.0.2 with PID 22136 (C:\Users\jhjos\OneDrive\Desktop\HealthSpace\target\classes started by jhjos in C:\Users\jhjos\OneDrive\Desktop\HealthSpace)
2025-11-04T02:09:26.616+05:30  INFO 22136 --- [backend] [main] c.h.backend.BackendApplication           : No active profile set, falling back to 1 default profile: "default"
2025-11-04T02:09:27.405+05:30  INFO 22136 --- [backend] [main] .s.d.r.c.RepositoryConfigurationDelegate : Bootstrapping Spring Data JPA repositories in DEFAULT mode.
2025-11-04T02:09:27.486+05:30  INFO 22136 --- [backend] [main] .s.d.r.c.RepositoryConfigurationDelegate : Finished Spring Data repository scanning in 70 ms. Found 4 JPA repository interfaces.
2025-11-04T02:09:28.160+05:30  INFO 22136 --- [backend] [main] o.s.b.w.embedded.tomcat.TomcatWebServer  : Tomcat initialized with port 8080 (http)
2025-11-04T02:09:28.177+05:30  INFO 22136 --- [backend] [main] o.apache.catalina.core.StandardService   : Starting service [Tomcat]
2025-11-04T02:09:28.177+05:30  INFO 22136 --- [backend] [main] o.apache.catalina.core.StandardEngine    : Starting Servlet engine: [Apache Tomcat/10.1.48]
2025-11-04T02:09:28.247+05:30  INFO 22136 --- [backend] [main] o.a.c.c.C.[Tomcat].[localhost].[/]       : Initializing Spring embedded WebApplicationContext
2025-11-04T02:09:28.248+05:30  INFO 22136 --- [backend] [main] w.s.c.ServletWebServerApplicationContext : Root WebApplicationContext: initialization completed in 1569 ms
2025-11-04T02:09:28.414+05:30  INFO 22136 --- [backend] [main] o.hibernate.jpa.internal.util.LogHelper  : HHH000204: Processing PersistenceUnitInfo [name: default]
2025-11-04T02:09:28.477+05:30  INFO 22136 --- [backend] [main] org.hibernate.Version                    : HHH000412: Hibernate ORM core version 6.6.33.Final
2025-11-04T02:09:28.519+05:30  INFO 22136 --- [backend] [main] o.h.c.internal.RegionFactoryInitiator    : HHH000026: Second-level cache disabled
2025-11-04T02:09:28.899+05:30  INFO 22136 --- [backend] [main] o.s.o.j.p.SpringPersistenceUnitInfo      : No LoadTimeWeaver setup: ignoring JPA class transformer
2025-11-04T02:09:28.936+05:30  INFO 22136 --- [backend] [main] com.zaxxer.hikari.HikariDataSource       : HikariPool-1 - Starting...
2025-11-04T02:09:29.132+05:30  INFO 22136 --- [backend] [main] com.zaxxer.hikari.pool.HikariPool        : HikariPool-1 - Added connection org.postgresql.jdbc.PgConnection@608b35fa
2025-11-04T02:09:29.135+05:30  INFO 22136 --- [backend] [main] com.zaxxer.hikari.HikariDataSource       : HikariPool-1 - Start completed.
2025-11-04T02:09:29.214+05:30  INFO 22136 --- [backend] [main] org.hibernate.orm.connections.pooling    : HHH10001005: Database info:
	Database JDBC URL [Connecting through datasource 'HikariDataSource (HikariPool-1)']
	Database driver: undefined/unknown
	Database version: 18.0
	Autocommit mode: undefined/unknown
	Isolation level: undefined/unknown
	Minimum pool size: undefined/unknown
	Maximum pool size: undefined/unknown
2025-11-04T02:09:30.314+05:30  INFO 22136 --- [backend] [main] o.h.e.t.j.p.i.JtaPlatformInitiator       : HHH000489: No JTA platform available (set 'hibernate.transaction.jta.platform' to enable JTA platform integration)
2025-11-04T02:09:30.372+05:30  INFO 22136 --- [backend] [main] j.LocalContainerEntityManagerFactoryBean : Initialized JPA EntityManagerFactory for persistence unit 'default'
2025-11-04T02:09:30.903+05:30  INFO 22136 --- [backend] [main] eAuthenticationProviderManagerConfigurer : Global AuthenticationManager configured with AuthenticationProvider bean with name authenticationProvider
2025-11-04T02:09:30.904+05:30  WARN 22136 --- [backend] [main] r$InitializeUserDetailsManagerConfigurer : Global AuthenticationManager configured with an AuthenticationProvider bean. UserDetailsService beans will not be used by Spring Security for automatically configuring username/password login. Consider removing the AuthenticationProvider bean. Alternatively, consider using the UserDetailsService in a manually instantiated DaoAuthenticationProvider. If the current configuration is intentional, to turn off this warning, increase the logging level of 'org.springframework.security.config.annotation.authentication.configuration.InitializeUserDetailsBeanManagerConfigurer' to ERROR
2025-11-04T02:09:31.104+05:30 DEBUG 22136 --- [backend] [main] s.w.s.m.m.a.RequestMappingHandlerMapping : 18 mappings in 'requestMappingHandlerMapping'
2025-11-04T02:09:31.212+05:30 DEBUG 22136 --- [backend] [main] o.s.w.s.handler.SimpleUrlHandlerMapping  : Patterns [/webjars/**, /**] in 'resourceHandlerMapping'
2025-11-04T02:09:31.233+05:30  WARN 22136 --- [backend] [main] ConfigServletWebServerApplicationContext : Exception encountered during context initialization - cancelling refresh attempt: org.springframework.beans.factory.BeanCreationException: Error creating bean with name 'filterChain' defined in class path resource [com/healthspace/backend/config/SecurityConfig.class]: Failed to instantiate [org.springframework.security.web.SecurityFilterChain]: Factory method 'filterChain' threw exception with message: Cannot invoke "Object.getClass()" because "filter" is null
2025-11-04T02:09:31.235+05:30  INFO 22136 --- [backend] [main] j.LocalContainerEntityManagerFactoryBean : Closing JPA EntityManagerFactory for persistence unit 'default'
2025-11-04T02:09:31.238+05:30  INFO 22136 --- [backend] [main] com.zaxxer.hikari.HikariDataSource       : HikariPool-1 - Shutdown initiated...
2025-11-04T02:09:31.242+05:30  INFO 22136 --- [backend] [main] com.zaxxer.hikari.HikariDataSource       : HikariPool-1 - Shutdown completed.
2025-11-04T02:09:31.248+05:30  INFO 22136 --- [backend] [main] o.apache.catalina.core.StandardService   : Stopping service [Tomcat]
2025-11-04T02:09:31.267+05:30  INFO 22136 --- [backend] [main] .s.b.a.l.ConditionEvaluationReportLogger : 

Error starting ApplicationContext. To display the condition evaluation report re-run your application with 'debug' enabled.
2025-11-04T02:09:31.286+05:30 ERROR 22136 --- [backend] [main] o.s.boot.SpringApplication               : Application run failed

org.springframework.beans.factory.BeanCreationException: Error creating bean with name 'filterChain' defined in class path resource [com/healthspace/backend/config/SecurityConfig.class]: Failed to instantiate [org.springframework.security.web.SecurityFilterChain]: Factory method 'filterChain' threw exception with message: Cannot invoke "Object.getClass()" because "filter" is null
	at org.springframework.beans.factory.support.ConstructorResolver.instantiate(ConstructorResolver.java:657) ~[spring-beans-6.2.12.jar:6.2.12]
	at org.springframework.beans.factory.support.ConstructorResolver.instantiateUsingFactoryMethod(ConstructorResolver.java:645) ~[spring-beans-6.2.12.jar:6.2.12]
	at org.springframework.beans.factory.support.AbstractAutowireCapableBeanFactory.instantiateUsingFactoryMethod(AbstractAutowireCapableBeanFactory.java:1375) ~[spring-beans-6.2.12.jar:6.2.12]
	at org.springframework.beans.factory.support.AbstractAutowireCapableBeanFactory.createBeanInstance(AbstractAutowireCapableBeanFactory.java:1205) ~[spring-beans-6.2.12.jar:6.2.12]
	at org.springframework.beans.factory.support.AbstractAutowireCapableBeanFactory.doCreateBean(AbstractAutowireCapableBeanFactory.java:569) ~[spring-beans-6.2.12.jar:6.2.12]
	at org.springframework.beans.factory.support.AbstractAutowireCapableBeanFactory.createBean(AbstractAutowireCapableBeanFactory.java:529) ~[spring-beans-6.2.12.jar:6.2.12]
	at org.springframework.beans.factory.support.AbstractBeanFactory.lambda$doGetBean$0(AbstractBeanFactory.java:339) ~[spring-beans-6.2.12.jar:6.2.12]
	at org.springframework.beans.factory.support.DefaultSingletonBeanRegistry.getSingleton(DefaultSingletonBeanRegistry.java:373) ~[spring-beans-6.2.12.jar:6.2.12]
	at org.springframework.beans.factory.support.AbstractBeanFactory.doGetBean(AbstractBeanFactory.java:337) ~[spring-beans-6.2.12.jar:6.2.12]
	at org.springframework.beans.factory.support.AbstractBeanFactory.getBean(AbstractBeanFactory.java:202) ~[spring-beans-6.2.12.jar:6.2.12]
	at org.springframework.beans.factory.support.DefaultListableBeanFactory.instantiateSingleton(DefaultListableBeanFactory.java:1228) ~[spring-beans-6.2.12.jar:6.2.12]
	at org.springframework.beans.factory.support.DefaultListableBeanFactory.preInstantiateSingleton(DefaultListableBeanFactory.java:1194) ~[spring-beans-6.2.12.jar:6.2.12]
	at org.springframework.beans.factory.support.DefaultListableBeanFactory.preInstantiateSingletons(DefaultListableBeanFactory.java:1130) ~[spring-beans-6.2.12.jar:6.2.12]
	at org.springframework.context.support.AbstractApplicationContext.finishBeanFactoryInitialization(AbstractApplicationContext.java:990) ~[spring-context-6.2.12.jar:6.2.12]
	at org.springframework.context.support.AbstractApplicationContext.refresh(AbstractApplicationContext.java:627) ~[spring-context-6.2.12.jar:6.2.12]
	at org.springframework.boot.web.servlet.context.ServletWebServerApplicationContext.refresh(ServletWebServerApplicationContext.java:146) ~[spring-boot-3.5.7.jar:3.5.7]
	at org.springframework.boot.SpringApplication.refresh(SpringApplication.java:752) ~[spring-boot-3.5.7.jar:3.5.7]
	at org.springframework.boot.SpringApplication.refreshContext(SpringApplication.java:439) ~[spring-boot-3.5.7.jar:3.5.7]
	at org.springframework.boot.SpringApplication.run(SpringApplication.java:318) ~[spring-boot-3.5.7.jar:3.5.7]
	at org.springframework.boot.SpringApplication.run(SpringApplication.java:1361) ~[spring-boot-3.5.7.jar:3.5.7]
	at org.springframework.boot.SpringApplication.run(SpringApplication.java:1350) ~[spring-boot-3.5.7.jar:3.5.7]
	at com.healthspace.backend.BackendApplication.main(BackendApplication.java:10) ~[classes/:na]
Caused by: org.springframework.beans.BeanInstantiationException: Failed to instantiate [org.springframework.security.web.SecurityFilterChain]: Factory method 'filterChain' threw exception with message: Cannot invoke "Object.getClass()" because "filter" is null
	at org.springframework.beans.factory.support.SimpleInstantiationStrategy.lambda$instantiate$0(SimpleInstantiationStrategy.java:200) ~[spring-beans-6.2.12.jar:6.2.12]
	at org.springframework.beans.factory.support.SimpleInstantiationStrategy.instantiateWithFactoryMethod(SimpleInstantiationStrategy.java:89) ~[spring-beans-6.2.12.jar:6.2.12]
	at org.springframework.beans.factory.support.SimpleInstantiationStrategy.instantiate(SimpleInstantiationStrategy.java:169) ~[spring-beans-6.2.12.jar:6.2.12]
	at org.springframework.beans.factory.support.ConstructorResolver.instantiate(ConstructorResolver.java:653) ~[spring-beans-6.2.12.jar:6.2.12]
	... 21 common frames omitted
Caused by: java.lang.NullPointerException: Cannot invoke "Object.getClass()" because "filter" is null
	at org.springframework.security.config.annotation.web.builders.HttpSecurity.addFilterAtOffsetOf(HttpSecurity.java:3410) ~[spring-security-config-6.5.6.jar:6.5.6]
	at org.springframework.security.config.annotation.web.builders.HttpSecurity.addFilterBefore(HttpSecurity.java:3399) ~[spring-security-config-6.5.6.jar:6.5.6]
	at com.healthspace.backend.config.SecurityConfig.filterChain(SecurityConfig.java:61) ~[classes/:na]
	at com.healthspace.backend.config.SecurityConfig$$SpringCGLIB$$0.CGLIB$filterChain$3(<generated>) ~[classes/:na]
	at com.healthspace.backend.config.SecurityConfig$$SpringCGLIB$$FastClass$$1.invoke(<generated>) ~[classes/:na]
	at org.springframework.cglib.proxy.MethodProxy.invokeSuper(MethodProxy.java:258) ~[spring-core-6.2.12.jar:6.2.12]
	at org.springframework.context.annotation.ConfigurationClassEnhancer$BeanMethodInterceptor.intercept(ConfigurationClassEnhancer.java:400) ~[spring-context-6.2.12.jar:6.2.12]
	at com.healthspace.backend.config.SecurityConfig$$SpringCGLIB$$0.filterChain(<generated>) ~[classes/:na]
	at java.base/jdk.internal.reflect.DirectMethodHandleAccessor.invoke(DirectMethodHandleAccessor.java:104) ~[na:na]
	at java.base/java.lang.reflect.Method.invoke(Method.java:565) ~[na:na]
	at org.springframework.beans.factory.support.SimpleInstantiationStrategy.lambda$instantiate$0(SimpleInstantiationStrategy.java:172) ~[spring-beans-6.2.12.jar:6.2.12]
	... 24 common frames omitted

2025-11-04T02:11:19.057+05:30  INFO 12116 --- [backend] [main] c.h.backend.BackendApplication           : Starting BackendApplication using Java 24.0.2 with PID 12116 (C:\Users\jhjos\OneDrive\Desktop\HealthSpace\target\classes started by jhjos in C:\Users\jhjos\OneDrive\Desktop\HealthSpace)
2025-11-04T02:11:19.061+05:30  INFO 12116 --- [backend] [main] c.h.backend.BackendApplication           : No active profile set, falling back to 1 default profile: "default"
2025-11-04T02:11:19.860+05:30  INFO 12116 --- [backend] [main] .s.d.r.c.RepositoryConfigurationDelegate : Bootstrapping Spring Data JPA repositories in DEFAULT mode.
2025-11-04T02:11:19.941+05:30  INFO 12116 --- [backend] [main] .s.d.r.c.RepositoryConfigurationDelegate : Finished Spring Data repository scanning in 71 ms. Found 4 JPA repository interfaces.
2025-11-04T02:11:20.632+05:30  INFO 12116 --- [backend] [main] o.s.b.w.embedded.tomcat.TomcatWebServer  : Tomcat initialized with port 8080 (http)
2025-11-04T02:11:20.649+05:30  INFO 12116 --- [backend] [main] o.apache.catalina.core.StandardService   : Starting service [Tomcat]
2025-11-04T02:11:20.650+05:30  INFO 12116 --- [backend] [main] o.apache.catalina.core.StandardEngine    : Starting Servlet engine: [Apache Tomcat/10.1.48]
2025-11-04T02:11:20.718+05:30  INFO 12116 --- [backend] [main] o.a.c.c.C.[Tomcat].[localhost].[/]       : Initializing Spring embedded WebApplicationContext
2025-11-04T02:11:20.719+05:30  INFO 12116 --- [backend] [main] w.s.c.ServletWebServerApplicationContext : Root WebApplicationContext: initialization completed in 1597 ms
2025-11-04T02:11:20.877+05:30  INFO 12116 --- [backend] [main] o.hibernate.jpa.internal.util.LogHelper  : HHH000204: Processing PersistenceUnitInfo [name: default]
2025-11-04T02:11:20.955+05:30  INFO 12116 --- [backend] [main] org.hibernate.Version                    : HHH000412: Hibernate ORM core version 6.6.33.Final
2025-11-04T02:11:20.997+05:30  INFO 12116 --- [backend] [main] o.h.c.internal.RegionFactoryInitiator    : HHH000026: Second-level cache disabled
2025-11-04T02:11:21.384+05:30  INFO 12116 --- [backend] [main] o.s.o.j.p.SpringPersistenceUnitInfo      : No LoadTimeWeaver setup: ignoring JPA class transformer
2025-11-04T02:11:21.421+05:30  INFO 12116 --- [backend] [main] com.zaxxer.hikari.HikariDataSource       : HikariPool-1 - Starting...
2025-11-04T02:11:21.734+05:30  INFO 12116 --- [backend] [main] com.zaxxer.hikari.pool.HikariPool        : HikariPool-1 - Added connection org.postgresql.jdbc.PgConnection@7b3a6e95
2025-11-04T02:11:21.736+05:30  INFO 12116 --- [backend] [main] com.zaxxer.hikari.HikariDataSource       : HikariPool-1 - Start completed.
2025-11-04T02:11:21.825+05:30  INFO 12116 --- [backend] [main] org.hibernate.orm.connections.pooling    : HHH10001005: Database info:
	Database JDBC URL [Connecting through datasource 'HikariDataSource (HikariPool-1)']
	Database driver: undefined/unknown
	Database version: 18.0
	Autocommit mode: undefined/unknown
	Isolation level: undefined/unknown
	Minimum pool size: undefined/unknown
	Maximum pool size: undefined/unknown
2025-11-04T02:11:22.906+05:30  INFO 12116 --- [backend] [main] o.h.e.t.j.p.i.JtaPlatformInitiator       : HHH000489: No JTA platform available (set 'hibernate.transaction.jta.platform' to enable JTA platform integration)
2025-11-04T02:11:22.966+05:30  INFO 12116 --- [backend] [main] j.LocalContainerEntityManagerFactoryBean : Initialized JPA EntityManagerFactory for persistence unit 'default'
2025-11-04T02:11:23.477+05:30  INFO 12116 --- [backend] [main] eAuthenticationProviderManagerConfigurer : Global AuthenticationManager configured with AuthenticationProvider bean with name authenticationProvider
2025-11-04T02:11:23.478+05:30  WARN 12116 --- [backend] [main] r$InitializeUserDetailsManagerConfigurer : Global AuthenticationManager configured with an AuthenticationProvider bean. UserDetailsService beans will not be used by Spring Security for automatically configuring username/password login. Consider removing the AuthenticationProvider bean. Alternatively, consider using the UserDetailsService in a manually instantiated DaoAuthenticationProvider. If the current configuration is intentional, to turn off this warning, increase the logging level of 'org.springframework.security.config.annotation.authentication.configuration.InitializeUserDetailsBeanManagerConfigurer' to ERROR
2025-11-04T02:11:23.695+05:30 DEBUG 12116 --- [backend] [main] s.w.s.m.m.a.RequestMappingHandlerMapping : 18 mappings in 'requestMappingHandlerMapping'
2025-11-04T02:11:23.787+05:30 DEBUG 12116 --- [backend] [main] o.s.w.s.handler.SimpleUrlHandlerMapping  : Patterns [/webjars/**, /**] in 'resourceHandlerMapping'
2025-11-04T02:11:23.872+05:30 DEBUG 12116 --- [backend] [main] s.w.s.m.m.a.RequestMappingHandlerAdapter : ControllerAdvice beans: 0 @ModelAttribute, 0 @InitBinder, 1 RequestBodyAdvice, 1 ResponseBodyAdvice
2025-11-04T02:11:23.932+05:30 DEBUG 12116 --- [backend] [main] .m.m.a.ExceptionHandlerExceptionResolver : ControllerAdvice beans: 0 @ExceptionHandler, 1 ResponseBodyAdvice
2025-11-04T02:11:24.231+05:30  INFO 12116 --- [backend] [main] o.s.b.w.embedded.tomcat.TomcatWebServer  : Tomcat started on port 8080 (http) with context path '/'
2025-11-04T02:11:24.248+05:30  INFO 12116 --- [backend] [main] c.h.backend.BackendApplication           : Started BackendApplication in 5.836 seconds (process running for 6.688)
2025-11-04T02:12:43.021+05:30  INFO 12116 --- [backend] [SpringApplicationShutdownHook] o.s.b.w.e.tomcat.GracefulShutdown        : Commencing graceful shutdown. Waiting for active requests to complete
2025-11-04T02:12:43.029+05:30  INFO 12116 --- [backend] [tomcat-shutdown] o.s.b.w.e.tomcat.GracefulShutdown        : Graceful shutdown complete
2025-11-04T02:12:43.036+05:30  INFO 12116 --- [backend] [SpringApplicationShutdownHook] j.LocalContainerEntityManagerFactoryBean : Closing JPA EntityManagerFactory for persistence unit 'default'
2025-11-04T02:12:43.038+05:30  INFO 12116 --- [backend] [SpringApplicationShutdownHook] com.zaxxer.hikari.HikariDataSource       : HikariPool-1 - Shutdown initiated...
2025-11-04T02:12:43.041+05:30  INFO 12116 --- [backend] [SpringApplicationShutdownHook] com.zaxxer.hikari.HikariDataSource       : HikariPool-1 - Shutdown completed.
2025-11-04T02:16:35.134+05:30  INFO 21704 --- [backend] [main] c.h.backend.BackendApplication           : Starting BackendApplication using Java 24.0.2 with PID 21704 (C:\Users\jhjos\OneDrive\Desktop\HealthSpace\target\classes started by jhjos in C:\Users\jhjos\OneDrive\Desktop\HealthSpace)
2025-11-04T02:16:35.137+05:30  INFO 21704 --- [backend] [main] c.h.backend.BackendApplication           : No active profile set, falling back to 1 default profile: "default"
2025-11-04T02:16:35.964+05:30  INFO 21704 --- [backend] [main] .s.d.r.c.RepositoryConfigurationDelegate : Bootstrapping Spring Data JPA repositories in DEFAULT mode.
2025-11-04T02:16:36.048+05:30  INFO 21704 --- [backend] [main] .s.d.r.c.RepositoryConfigurationDelegate : Finished Spring Data repository scanning in 72 ms. Found 4 JPA repository interfaces.
2025-11-04T02:16:36.835+05:30  INFO 21704 --- [backend] [main] o.s.b.w.embedded.tomcat.TomcatWebServer  : Tomcat initialized with port 8080 (http)
2025-11-04T02:16:36.853+05:30  INFO 21704 --- [backend] [main] o.apache.catalina.core.StandardService   : Starting service [Tomcat]
2025-11-04T02:16:36.854+05:30  INFO 21704 --- [backend] [main] o.apache.catalina.core.StandardEngine    : Starting Servlet engine: [Apache Tomcat/10.1.48]
2025-11-04T02:16:36.936+05:30  INFO 21704 --- [backend] [main] o.a.c.c.C.[Tomcat].[localhost].[/]       : Initializing Spring embedded WebApplicationContext
2025-11-04T02:16:36.937+05:30  INFO 21704 --- [backend] [main] w.s.c.ServletWebServerApplicationContext : Root WebApplicationContext: initialization completed in 1730 ms
2025-11-04T02:16:37.113+05:30  INFO 21704 --- [backend] [main] o.hibernate.jpa.internal.util.LogHelper  : HHH000204: Processing PersistenceUnitInfo [name: default]
2025-11-04T02:16:37.183+05:30  INFO 21704 --- [backend] [main] org.hibernate.Version                    : HHH000412: Hibernate ORM core version 6.6.33.Final
2025-11-04T02:16:37.238+05:30  INFO 21704 --- [backend] [main] o.h.c.internal.RegionFactoryInitiator    : HHH000026: Second-level cache disabled
2025-11-04T02:16:37.598+05:30  INFO 21704 --- [backend] [main] o.s.o.j.p.SpringPersistenceUnitInfo      : No LoadTimeWeaver setup: ignoring JPA class transformer
2025-11-04T02:16:37.634+05:30  INFO 21704 --- [backend] [main] com.zaxxer.hikari.HikariDataSource       : HikariPool-1 - Starting...
2025-11-04T02:16:37.831+05:30  INFO 21704 --- [backend] [main] com.zaxxer.hikari.pool.HikariPool        : HikariPool-1 - Added connection org.postgresql.jdbc.PgConnection@2d801d8
2025-11-04T02:16:37.833+05:30  INFO 21704 --- [backend] [main] com.zaxxer.hikari.HikariDataSource       : HikariPool-1 - Start completed.
2025-11-04T02:16:37.917+05:30  INFO 21704 --- [backend] [main] org.hibernate.orm.connections.pooling    : HHH10001005: Database info:
	Database JDBC URL [Connecting through datasource 'HikariDataSource (HikariPool-1)']
	Database driver: undefined/unknown
	Database version: 18.0
	Autocommit mode: undefined/unknown
	Isolation level: undefined/unknown
	Minimum pool size: undefined/unknown
	Maximum pool size: undefined/unknown
2025-11-04T02:16:38.992+05:30  INFO 21704 --- [backend] [main] o.h.e.t.j.p.i.JtaPlatformInitiator       : HHH000489: No JTA platform available (set 'hibernate.transaction.jta.platform' to enable JTA platform integration)
2025-11-04T02:16:39.052+05:30  INFO 21704 --- [backend] [main] j.LocalContainerEntityManagerFactoryBean : Initialized JPA EntityManagerFactory for persistence unit 'default'
2025-11-04T02:16:39.670+05:30  INFO 21704 --- [backend] [main] eAuthenticationProviderManagerConfigurer : Global AuthenticationManager configured with AuthenticationProvider bean with name authenticationProvider
2025-11-04T02:16:39.671+05:30  WARN 21704 --- [backend] [main] r$InitializeUserDetailsManagerConfigurer : Global AuthenticationManager configured with an AuthenticationProvider bean. UserDetailsService beans will not be used by Spring Security for automatically configuring username/password login. Consider removing the AuthenticationProvider bean. Alternatively, consider using the UserDetailsService in a manually instantiated DaoAuthenticationProvider. If the current configuration is intentional, to turn off this warning, increase the logging level of 'org.springframework.security.config.annotation.authentication.configuration.InitializeUserDetailsBeanManagerConfigurer' to ERROR
2025-11-04T02:16:39.894+05:30 DEBUG 21704 --- [backend] [main] s.w.s.m.m.a.RequestMappingHandlerMapping : 18 mappings in 'requestMappingHandlerMapping'
2025-11-04T02:16:40.029+05:30 DEBUG 21704 --- [backend] [main] o.s.w.s.handler.SimpleUrlHandlerMapping  : Patterns [/webjars/**, /**] in 'resourceHandlerMapping'
2025-11-04T02:16:40.138+05:30 DEBUG 21704 --- [backend] [main] s.w.s.m.m.a.RequestMappingHandlerAdapter : ControllerAdvice beans: 0 @ModelAttribute, 0 @InitBinder, 1 RequestBodyAdvice, 1 ResponseBodyAdvice
2025-11-04T02:16:40.197+05:30 DEBUG 21704 --- [backend] [main] .m.m.a.ExceptionHandlerExceptionResolver : ControllerAdvice beans: 0 @ExceptionHandler, 1 ResponseBodyAdvice
2025-11-04T02:16:40.571+05:30  INFO 21704 --- [backend] [main] o.s.b.w.embedded.tomcat.TomcatWebServer  : Tomcat started on port 8080 (http) with context path '/'
2025-11-04T02:16:40.583+05:30  INFO 21704 --- [backend] [main] c.h.backend.BackendApplication           : Started BackendApplication in 6.054 seconds (process running for 6.891)
2025-11-04T02:17:30.022+05:30  INFO 21704 --- [backend] [SpringApplicationShutdownHook] o.s.b.w.e.tomcat.GracefulShutdown        : Commencing graceful shutdown. Waiting for active requests to complete
2025-11-04T02:17:30.031+05:30  INFO 21704 --- [backend] [tomcat-shutdown] o.s.b.w.e.tomcat.GracefulShutdown        : Graceful shutdown complete
2025-11-04T02:17:30.037+05:30  INFO 21704 --- [backend] [SpringApplicationShutdownHook] j.LocalContainerEntityManagerFactoryBean : Closing JPA EntityManagerFactory for persistence unit 'default'
2025-11-04T02:17:30.039+05:30  INFO 21704 --- [backend] [SpringApplicationShutdownHook] com.zaxxer.hikari.HikariDataSource       : HikariPool-1 - Shutdown initiated...
2025-11-04T02:17:30.043+05:30  INFO 21704 --- [backend] [SpringApplicationShutdownHook] com.zaxxer.hikari.HikariDataSource       : HikariPool-1 - Shutdown completed.
2025-11-04T14:59:07.662+05:30  INFO 6844 --- [backend] [main] c.h.backend.BackendApplication           : Starting BackendApplication using Java 24.0.2 with PID 6844 (C:\Users\jhjos\OneDrive\Desktop\HealthSpace\target\classes started by jhjos in C:\Users\jhjos\OneDrive\Desktop\HealthSpace)
2025-11-04T14:59:07.664+05:30  INFO 6844 --- [backend] [main] c.h.backend.BackendApplication           : No active profile set, falling back to 1 default profile: "default"
2025-11-04T14:59:08.449+05:30  INFO 6844 --- [backend] [main] .s.d.r.c.RepositoryConfigurationDelegate : Bootstrapping Spring Data JPA repositories in DEFAULT mode.
2025-11-04T14:59:08.524+05:30  INFO 6844 --- [backend] [main] .s.d.r.c.RepositoryConfigurationDelegate : Finished Spring Data repository scanning in 63 ms. Found 4 JPA repository interfaces.
2025-11-04T14:59:09.212+05:30  INFO 6844 --- [backend] [main] o.s.b.w.embedded.tomcat.TomcatWebServer  : Tomcat initialized with port 8080 (http)
2025-11-04T14:59:09.230+05:30  INFO 6844 --- [backend] [main] o.apache.catalina.core.StandardService   : Starting service [Tomcat]
2025-11-04T14:59:09.231+05:30  INFO 6844 --- [backend] [main] o.apache.catalina.core.StandardEngine    : Starting Servlet engine: [Apache Tomcat/10.1.48]
2025-11-04T14:59:09.296+05:30  INFO 6844 --- [backend] [main] o.a.c.c.C.[Tomcat].[localhost].[/]       : Initializing Spring embedded WebApplicationContext
2025-11-04T14:59:09.297+05:30  INFO 6844 --- [backend] [main] w.s.c.ServletWebServerApplicationContext : Root WebApplicationContext: initialization completed in 1577 ms
2025-11-04T14:59:09.478+05:30  INFO 6844 --- [backend] [main] o.hibernate.jpa.internal.util.LogHelper  : HHH000204: Processing PersistenceUnitInfo [name: default]
2025-11-04T14:59:09.547+05:30  INFO 6844 --- [backend] [main] org.hibernate.Version                    : HHH000412: Hibernate ORM core version 6.6.33.Final
2025-11-04T14:59:09.587+05:30  INFO 6844 --- [backend] [main] o.h.c.internal.RegionFactoryInitiator    : HHH000026: Second-level cache disabled
2025-11-04T14:59:09.931+05:30  INFO 6844 --- [backend] [main] o.s.o.j.p.SpringPersistenceUnitInfo      : No LoadTimeWeaver setup: ignoring JPA class transformer
2025-11-04T14:59:09.970+05:30  INFO 6844 --- [backend] [main] com.zaxxer.hikari.HikariDataSource       : HikariPool-1 - Starting...
2025-11-04T14:59:10.194+05:30  INFO 6844 --- [backend] [main] com.zaxxer.hikari.pool.HikariPool        : HikariPool-1 - Added connection org.postgresql.jdbc.PgConnection@6abb7b7d
2025-11-04T14:59:10.196+05:30  INFO 6844 --- [backend] [main] com.zaxxer.hikari.HikariDataSource       : HikariPool-1 - Start completed.
2025-11-04T14:59:10.307+05:30  INFO 6844 --- [backend] [main] org.hibernate.orm.connections.pooling    : HHH10001005: Database info:
	Database JDBC URL [Connecting through datasource 'HikariDataSource (HikariPool-1)']
	Database driver: undefined/unknown
	Database version: 18.0
	Autocommit mode: undefined/unknown
	Isolation level: undefined/unknown
	Minimum pool size: undefined/unknown
	Maximum pool size: undefined/unknown
2025-11-04T14:59:11.275+05:30  INFO 6844 --- [backend] [main] o.h.e.t.j.p.i.JtaPlatformInitiator       : HHH000489: No JTA platform available (set 'hibernate.transaction.jta.platform' to enable JTA platform integration)
2025-11-04T14:59:11.357+05:30  INFO 6844 --- [backend] [main] j.LocalContainerEntityManagerFactoryBean : Initialized JPA EntityManagerFactory for persistence unit 'default'
2025-11-04T14:59:11.887+05:30  INFO 6844 --- [backend] [main] eAuthenticationProviderManagerConfigurer : Global AuthenticationManager configured with AuthenticationProvider bean with name authenticationProvider
2025-11-04T14:59:11.887+05:30  WARN 6844 --- [backend] [main] r$InitializeUserDetailsManagerConfigurer : Global AuthenticationManager configured with an AuthenticationProvider bean. UserDetailsService beans will not be used by Spring Security for automatically configuring username/password login. Consider removing the AuthenticationProvider bean. Alternatively, consider using the UserDetailsService in a manually instantiated DaoAuthenticationProvider. If the current configuration is intentional, to turn off this warning, increase the logging level of 'org.springframework.security.config.annotation.authentication.configuration.InitializeUserDetailsBeanManagerConfigurer' to ERROR
2025-11-04T14:59:12.088+05:30 DEBUG 6844 --- [backend] [main] s.w.s.m.m.a.RequestMappingHandlerMapping : 18 mappings in 'requestMappingHandlerMapping'
2025-11-04T14:59:12.201+05:30 DEBUG 6844 --- [backend] [main] o.s.w.s.handler.SimpleUrlHandlerMapping  : Patterns [/webjars/**, /**] in 'resourceHandlerMapping'
2025-11-04T14:59:12.329+05:30 DEBUG 6844 --- [backend] [main] s.w.s.m.m.a.RequestMappingHandlerAdapter : ControllerAdvice beans: 0 @ModelAttribute, 0 @InitBinder, 1 RequestBodyAdvice, 1 ResponseBodyAdvice
2025-11-04T14:59:12.391+05:30 DEBUG 6844 --- [backend] [main] .m.m.a.ExceptionHandlerExceptionResolver : ControllerAdvice beans: 0 @ExceptionHandler, 1 ResponseBodyAdvice
2025-11-04T14:59:12.676+05:30  INFO 6844 --- [backend] [main] o.s.b.w.embedded.tomcat.TomcatWebServer  : Tomcat started on port 8080 (http) with context path '/'
2025-11-04T14:59:12.685+05:30  INFO 6844 --- [backend] [main] c.h.backend.BackendApplication           : Started BackendApplication in 5.659 seconds (process running for 6.49)
2025-11-04T15:03:48.843+05:30  INFO 6844 --- [backend] [SpringApplicationShutdownHook] o.s.b.w.e.tomcat.GracefulShutdown        : Commencing graceful shutdown. Waiting for active requests to complete
2025-11-04T15:03:48.855+05:30  INFO 6844 --- [backend] [tomcat-shutdown] o.s.b.w.e.tomcat.GracefulShutdown        : Graceful shutdown complete
2025-11-04T15:03:48.863+05:30  INFO 6844 --- [backend] [SpringApplicationShutdownHook] j.LocalContainerEntityManagerFactoryBean : Closing JPA EntityManagerFactory for persistence unit 'default'
2025-11-04T15:03:48.868+05:30  INFO 6844 --- [backend] [SpringApplicationShutdownHook] com.zaxxer.hikari.HikariDataSource       : HikariPool-1 - Shutdown initiated...
2025-11-04T15:03:48.871+05:30  INFO 6844 --- [backend] [SpringApplicationShutdownHook] com.zaxxer.hikari.HikariDataSource       : HikariPool-1 - Shutdown completed.
2025-11-04T15:07:49.056+05:30  INFO 15692 --- [backend] [main] c.h.backend.BackendApplication           : Starting BackendApplication using Java 24.0.2 with PID 15692 (C:\Users\jhjos\OneDrive\Desktop\HealthSpace\target\classes started by jhjos in C:\Users\jhjos\OneDrive\Desktop\HealthSpace)
2025-11-04T15:07:49.058+05:30  INFO 15692 --- [backend] [main] c.h.backend.BackendApplication           : No active profile set, falling back to 1 default profile: "default"
2025-11-04T15:07:49.852+05:30  INFO 15692 --- [backend] [main] .s.d.r.c.RepositoryConfigurationDelegate : Bootstrapping Spring Data JPA repositories in DEFAULT mode.
2025-11-04T15:07:49.964+05:30  INFO 15692 --- [backend] [main] .s.d.r.c.RepositoryConfigurationDelegate : Finished Spring Data repository scanning in 99 ms. Found 4 JPA repository interfaces.
2025-11-04T15:07:50.737+05:30  INFO 15692 --- [backend] [main] o.s.b.w.embedded.tomcat.TomcatWebServer  : Tomcat initialized with port 8080 (http)
2025-11-04T15:07:50.756+05:30  INFO 15692 --- [backend] [main] o.apache.catalina.core.StandardService   : Starting service [Tomcat]
2025-11-04T15:07:50.756+05:30  INFO 15692 --- [backend] [main] o.apache.catalina.core.StandardEngine    : Starting Servlet engine: [Apache Tomcat/10.1.48]
2025-11-04T15:07:50.825+05:30  INFO 15692 --- [backend] [main] o.a.c.c.C.[Tomcat].[localhost].[/]       : Initializing Spring embedded WebApplicationContext
2025-11-04T15:07:50.826+05:30  INFO 15692 --- [backend] [main] w.s.c.ServletWebServerApplicationContext : Root WebApplicationContext: initialization completed in 1708 ms
2025-11-04T15:07:51.015+05:30  INFO 15692 --- [backend] [main] o.hibernate.jpa.internal.util.LogHelper  : HHH000204: Processing PersistenceUnitInfo [name: default]
2025-11-04T15:07:51.093+05:30  INFO 15692 --- [backend] [main] org.hibernate.Version                    : HHH000412: Hibernate ORM core version 6.6.33.Final
2025-11-04T15:07:51.149+05:30  INFO 15692 --- [backend] [main] o.h.c.internal.RegionFactoryInitiator    : HHH000026: Second-level cache disabled
2025-11-04T15:07:51.548+05:30  INFO 15692 --- [backend] [main] o.s.o.j.p.SpringPersistenceUnitInfo      : No LoadTimeWeaver setup: ignoring JPA class transformer
2025-11-04T15:07:51.590+05:30  INFO 15692 --- [backend] [main] com.zaxxer.hikari.HikariDataSource       : HikariPool-1 - Starting...
2025-11-04T15:07:51.798+05:30  INFO 15692 --- [backend] [main] com.zaxxer.hikari.pool.HikariPool        : HikariPool-1 - Added connection org.postgresql.jdbc.PgConnection@57f0bfc3
2025-11-04T15:07:51.800+05:30  INFO 15692 --- [backend] [main] com.zaxxer.hikari.HikariDataSource       : HikariPool-1 - Start completed.
2025-11-04T15:07:51.885+05:30  INFO 15692 --- [backend] [main] org.hibernate.orm.connections.pooling    : HHH10001005: Database info:
	Database JDBC URL [Connecting through datasource 'HikariDataSource (HikariPool-1)']
	Database driver: undefined/unknown
	Database version: 18.0
	Autocommit mode: undefined/unknown
	Isolation level: undefined/unknown
	Minimum pool size: undefined/unknown
	Maximum pool size: undefined/unknown
2025-11-04T15:07:53.002+05:30  INFO 15692 --- [backend] [main] o.h.e.t.j.p.i.JtaPlatformInitiator       : HHH000489: No JTA platform available (set 'hibernate.transaction.jta.platform' to enable JTA platform integration)
2025-11-04T15:07:53.063+05:30  INFO 15692 --- [backend] [main] j.LocalContainerEntityManagerFactoryBean : Initialized JPA EntityManagerFactory for persistence unit 'default'
2025-11-04T15:07:53.806+05:30  INFO 15692 --- [backend] [main] eAuthenticationProviderManagerConfigurer : Global AuthenticationManager configured with AuthenticationProvider bean with name authenticationProvider
2025-11-04T15:07:53.807+05:30  WARN 15692 --- [backend] [main] r$InitializeUserDetailsManagerConfigurer : Global AuthenticationManager configured with an AuthenticationProvider bean. UserDetailsService beans will not be used by Spring Security for automatically configuring username/password login. Consider removing the AuthenticationProvider bean. Alternatively, consider using the UserDetailsService in a manually instantiated DaoAuthenticationProvider. If the current configuration is intentional, to turn off this warning, increase the logging level of 'org.springframework.security.config.annotation.authentication.configuration.InitializeUserDetailsBeanManagerConfigurer' to ERROR
2025-11-04T15:07:54.056+05:30 DEBUG 15692 --- [backend] [main] s.w.s.m.m.a.RequestMappingHandlerMapping : 18 mappings in 'requestMappingHandlerMapping'
2025-11-04T15:07:54.221+05:30 DEBUG 15692 --- [backend] [main] o.s.w.s.handler.SimpleUrlHandlerMapping  : Patterns [/webjars/**, /**] in 'resourceHandlerMapping'
2025-11-04T15:07:54.347+05:30 DEBUG 15692 --- [backend] [main] s.w.s.m.m.a.RequestMappingHandlerAdapter : ControllerAdvice beans: 0 @ModelAttribute, 0 @InitBinder, 1 RequestBodyAdvice, 1 ResponseBodyAdvice
2025-11-04T15:07:54.408+05:30 DEBUG 15692 --- [backend] [main] .m.m.a.ExceptionHandlerExceptionResolver : ControllerAdvice beans: 0 @ExceptionHandler, 1 ResponseBodyAdvice
2025-11-04T15:07:54.779+05:30  INFO 15692 --- [backend] [main] o.s.b.w.embedded.tomcat.TomcatWebServer  : Tomcat started on port 8080 (http) with context path '/'
2025-11-04T15:07:54.791+05:30  INFO 15692 --- [backend] [main] c.h.backend.BackendApplication           : Started BackendApplication in 6.364 seconds (process running for 7.164)
2025-11-04T15:08:39.712+05:30  INFO 15692 --- [backend] [http-nio-8080-exec-1] o.a.c.c.C.[Tomcat].[localhost].[/]       : Initializing Spring DispatcherServlet 'dispatcherServlet'
2025-11-04T15:08:39.712+05:30  INFO 15692 --- [backend] [http-nio-8080-exec-1] o.s.web.servlet.DispatcherServlet        : Initializing Servlet 'dispatcherServlet'
2025-11-04T15:08:39.713+05:30 DEBUG 15692 --- [backend] [http-nio-8080-exec-1] o.s.web.servlet.DispatcherServlet        : Detected StandardServletMultipartResolver
2025-11-04T15:08:39.713+05:30 DEBUG 15692 --- [backend] [http-nio-8080-exec-1] o.s.web.servlet.DispatcherServlet        : Detected AcceptHeaderLocaleResolver
2025-11-04T15:08:39.714+05:30 DEBUG 15692 --- [backend] [http-nio-8080-exec-1] o.s.web.servlet.DispatcherServlet        : Detected FixedThemeResolver
2025-11-04T15:08:39.715+05:30 DEBUG 15692 --- [backend] [http-nio-8080-exec-1] o.s.web.servlet.DispatcherServlet        : Detected org.springframework.web.servlet.view.DefaultRequestToViewNameTranslator@29b2a94c
2025-11-04T15:08:39.716+05:30 DEBUG 15692 --- [backend] [http-nio-8080-exec-1] o.s.web.servlet.DispatcherServlet        : Detected org.springframework.web.servlet.support.SessionFlashMapManager@70ebaa1e
2025-11-04T15:08:39.717+05:30 DEBUG 15692 --- [backend] [http-nio-8080-exec-1] o.s.web.servlet.DispatcherServlet        : enableLoggingRequestDetails='false': request parameters and headers will be masked to prevent unsafe logging of potentially sensitive data
2025-11-04T15:08:39.718+05:30  INFO 15692 --- [backend] [http-nio-8080-exec-1] o.s.web.servlet.DispatcherServlet        : Completed initialization in 5 ms
2025-11-04T15:08:39.764+05:30 DEBUG 15692 --- [backend] [http-nio-8080-exec-1] o.s.web.servlet.DispatcherServlet        : POST "/api/auth/register", parameters={}
2025-11-04T15:08:39.767+05:30 DEBUG 15692 --- [backend] [http-nio-8080-exec-1] s.w.s.m.m.a.RequestMappingHandlerMapping : Mapped to com.healthspace.backend.controller.AuthController#registerUser(User)
2025-11-04T15:08:39.906+05:30 DEBUG 15692 --- [backend] [http-nio-8080-exec-1] m.m.a.RequestResponseBodyMethodProcessor : Read "application/json;charset=UTF-8" to [com.healthspace.backend.entity.User@4623a4b1]
2025-11-04T15:08:40.129+05:30 DEBUG 15692 --- [backend] [http-nio-8080-exec-1] org.hibernate.SQL                        : 
    insert 
    into
        users
        (email, name, password, role) 
    values
        (?, ?, ?, ?)
2025-11-04T15:08:40.227+05:30 DEBUG 15692 --- [backend] [http-nio-8080-exec-1] m.m.a.RequestResponseBodyMethodProcessor : Using 'application/json', given [*/*] and supported [application/json, application/*+json]
2025-11-04T15:08:40.229+05:30 DEBUG 15692 --- [backend] [http-nio-8080-exec-1] m.m.a.RequestResponseBodyMethodProcessor : Writing [com.healthspace.backend.entity.User@4623a4b1]
2025-11-04T15:08:40.247+05:30 DEBUG 15692 --- [backend] [http-nio-8080-exec-1] o.s.web.servlet.DispatcherServlet        : Completed 200 OK
2025-11-04T15:09:04.407+05:30 DEBUG 15692 --- [backend] [http-nio-8080-exec-4] o.s.web.servlet.DispatcherServlet        : POST "/api/auth/register", parameters={}
2025-11-04T15:09:04.408+05:30 DEBUG 15692 --- [backend] [http-nio-8080-exec-4] s.w.s.m.m.a.RequestMappingHandlerMapping : Mapped to com.healthspace.backend.controller.AuthController#registerUser(User)
2025-11-04T15:09:04.409+05:30 DEBUG 15692 --- [backend] [http-nio-8080-exec-4] m.m.a.RequestResponseBodyMethodProcessor : Read "application/json;charset=UTF-8" to [com.healthspace.backend.entity.User@57266512]
2025-11-04T15:09:04.559+05:30 DEBUG 15692 --- [backend] [http-nio-8080-exec-4] org.hibernate.SQL                        : 
    insert 
    into
        users
        (email, name, password, role) 
    values
        (?, ?, ?, ?)
2025-11-04T15:09:04.572+05:30 DEBUG 15692 --- [backend] [http-nio-8080-exec-4] m.m.a.RequestResponseBodyMethodProcessor : Using 'application/json', given [*/*] and supported [application/json, application/*+json]
2025-11-04T15:09:04.572+05:30 DEBUG 15692 --- [backend] [http-nio-8080-exec-4] m.m.a.RequestResponseBodyMethodProcessor : Writing [com.healthspace.backend.entity.User@57266512]
2025-11-04T15:09:04.574+05:30 DEBUG 15692 --- [backend] [http-nio-8080-exec-4] o.s.web.servlet.DispatcherServlet        : Completed 200 OK
2025-11-04T15:09:29.486+05:30 DEBUG 15692 --- [backend] [http-nio-8080-exec-3] o.s.web.servlet.DispatcherServlet        : POST "/api/auth/login", parameters={}
2025-11-04T15:09:29.487+05:30 DEBUG 15692 --- [backend] [http-nio-8080-exec-3] s.w.s.m.m.a.RequestMappingHandlerMapping : Mapped to com.healthspace.backend.controller.AuthController#login(AuthRequest)
2025-11-04T15:09:29.489+05:30 DEBUG 15692 --- [backend] [http-nio-8080-exec-3] m.m.a.RequestResponseBodyMethodProcessor : Read "application/json;charset=UTF-8" to [com.healthspace.backend.dto.AuthRequest@b2f19ec]
2025-11-04T15:09:29.721+05:30 DEBUG 15692 --- [backend] [http-nio-8080-exec-3] org.hibernate.SQL                        : 
    select
        u1_0.id,
        u1_0.email,
        u1_0.name,
        u1_0.password,
        u1_0.role 
    from
        users u1_0 
    where
        u1_0.email=?
2025-11-04T15:09:29.916+05:30 DEBUG 15692 --- [backend] [http-nio-8080-exec-3] org.hibernate.SQL                        : 
    select
        u1_0.id,
        u1_0.email,
        u1_0.name,
        u1_0.password,
        u1_0.role 
    from
        users u1_0 
    where
        u1_0.email=?
2025-11-04T15:09:29.975+05:30 DEBUG 15692 --- [backend] [http-nio-8080-exec-3] o.s.w.s.m.m.a.HttpEntityMethodProcessor  : Using 'application/json', given [*/*] and supported [application/json, application/*+json]
2025-11-04T15:09:29.975+05:30 DEBUG 15692 --- [backend] [http-nio-8080-exec-3] o.s.w.s.m.m.a.HttpEntityMethodProcessor  : Writing [com.healthspace.backend.dto.AuthResponse@75172e1f]
2025-11-04T15:09:29.977+05:30 DEBUG 15692 --- [backend] [http-nio-8080-exec-3] o.s.web.servlet.DispatcherServlet        : Completed 200 OK
2025-11-04T15:14:12.888+05:30 DEBUG 15692 --- [backend] [http-nio-8080-exec-2] o.s.web.servlet.DispatcherServlet        : POST "/api/auth/login", parameters={}
2025-11-04T15:14:12.889+05:30 DEBUG 15692 --- [backend] [http-nio-8080-exec-2] s.w.s.m.m.a.RequestMappingHandlerMapping : Mapped to com.healthspace.backend.controller.AuthController#login(AuthRequest)
2025-11-04T15:14:12.890+05:30 DEBUG 15692 --- [backend] [http-nio-8080-exec-2] m.m.a.RequestResponseBodyMethodProcessor : Read "application/json;charset=UTF-8" to [com.healthspace.backend.dto.AuthRequest@4e7560bd]
2025-11-04T15:14:12.893+05:30 DEBUG 15692 --- [backend] [http-nio-8080-exec-2] org.hibernate.SQL                        : 
    select
        u1_0.id,
        u1_0.email,
        u1_0.name,
        u1_0.password,
        u1_0.role 
    from
        users u1_0 
    where
        u1_0.email=?
2025-11-04T15:14:13.051+05:30 DEBUG 15692 --- [backend] [http-nio-8080-exec-2] org.hibernate.SQL                        : 
    select
        u1_0.id,
        u1_0.email,
        u1_0.name,
        u1_0.password,
        u1_0.role 
    from
        users u1_0 
    where
        u1_0.email=?
2025-11-04T15:14:13.055+05:30 DEBUG 15692 --- [backend] [http-nio-8080-exec-2] o.s.w.s.m.m.a.HttpEntityMethodProcessor  : Using 'application/json', given [*/*] and supported [application/json, application/*+json]
2025-11-04T15:14:13.055+05:30 DEBUG 15692 --- [backend] [http-nio-8080-exec-2] o.s.w.s.m.m.a.HttpEntityMethodProcessor  : Writing [com.healthspace.backend.dto.AuthResponse@71a761f1]
2025-11-04T15:14:13.056+05:30 DEBUG 15692 --- [backend] [http-nio-8080-exec-2] o.s.web.servlet.DispatcherServlet        : Completed 200 OK
2025-11-04T15:15:51.142+05:30 DEBUG 15692 --- [backend] [http-nio-8080-exec-4] org.hibernate.SQL                        : 
    select
        u1_0.id,
        u1_0.email,
        u1_0.name,
        u1_0.password,
        u1_0.role 
    from
        users u1_0 
    where
        u1_0.email=?
2025-11-04T15:15:51.148+05:30 DEBUG 15692 --- [backend] [http-nio-8080-exec-4] o.s.web.servlet.DispatcherServlet        : POST "/api/appointments/book", parameters={}
2025-11-04T15:15:51.149+05:30 DEBUG 15692 --- [backend] [http-nio-8080-exec-4] s.w.s.m.m.a.RequestMappingHandlerMapping : Mapped to com.healthspace.backend.controller.AppointmentController#bookAppointment(Appointment)
2025-11-04T15:15:51.156+05:30 DEBUG 15692 --- [backend] [http-nio-8080-exec-4] m.m.a.RequestResponseBodyMethodProcessor : Read "application/json;charset=UTF-8" to [com.healthspace.backend.entity.Appointment@3237037f]
2025-11-04T15:15:51.204+05:30 DEBUG 15692 --- [backend] [http-nio-8080-exec-4] org.hibernate.SQL                        : 
    insert 
    into
        appointments
        (appointment_time, doctor_id, notes, patient_id, status) 
    values
        (?, ?, ?, ?, ?)
2025-11-04T15:15:51.215+05:30 DEBUG 15692 --- [backend] [http-nio-8080-exec-4] m.m.a.RequestResponseBodyMethodProcessor : Using 'application/json', given [*/*] and supported [application/json, application/*+json]
2025-11-04T15:15:51.215+05:30 DEBUG 15692 --- [backend] [http-nio-8080-exec-4] m.m.a.RequestResponseBodyMethodProcessor : Writing [com.healthspace.backend.entity.Appointment@3237037f]
2025-11-04T15:15:51.217+05:30 DEBUG 15692 --- [backend] [http-nio-8080-exec-4] o.s.web.servlet.DispatcherServlet        : Completed 200 OK
2025-11-04T15:16:30.687+05:30 DEBUG 15692 --- [backend] [http-nio-8080-exec-3] org.hibernate.SQL                        : 
    select
        u1_0.id,
        u1_0.email,
        u1_0.name,
        u1_0.password,
        u1_0.role 
    from
        users u1_0 
    where
        u1_0.email=?
2025-11-04T15:16:30.694+05:30 DEBUG 15692 --- [backend] [http-nio-8080-exec-3] o.s.web.servlet.DispatcherServlet        : POST "/api/prescriptions/create", parameters={}
2025-11-04T15:16:30.695+05:30 DEBUG 15692 --- [backend] [http-nio-8080-exec-3] s.w.s.m.m.a.RequestMappingHandlerMapping : Mapped to com.healthspace.backend.controller.PrescriptionController#createPrescription(Prescription)
2025-11-04T15:16:30.699+05:30 DEBUG 15692 --- [backend] [http-nio-8080-exec-3] m.m.a.RequestResponseBodyMethodProcessor : Read "application/json;charset=UTF-8" to [com.healthspace.backend.entity.Prescription@6e43d88f]
2025-11-04T15:16:30.705+05:30 DEBUG 15692 --- [backend] [http-nio-8080-exec-3] o.s.web.servlet.DispatcherServlet        : Failed to complete request: org.springframework.security.authorization.AuthorizationDeniedException: Access Denied
2025-11-04T15:17:07.260+05:30 DEBUG 15692 --- [backend] [http-nio-8080-exec-5] o.s.web.servlet.DispatcherServlet        : POST "/api/auth/login", parameters={}
2025-11-04T15:17:07.261+05:30 DEBUG 15692 --- [backend] [http-nio-8080-exec-5] s.w.s.m.m.a.RequestMappingHandlerMapping : Mapped to com.healthspace.backend.controller.AuthController#login(AuthRequest)
2025-11-04T15:17:07.262+05:30 DEBUG 15692 --- [backend] [http-nio-8080-exec-5] m.m.a.RequestResponseBodyMethodProcessor : Read "application/json;charset=UTF-8" to [com.healthspace.backend.dto.AuthRequest@24a5e11c]
2025-11-04T15:17:07.264+05:30 DEBUG 15692 --- [backend] [http-nio-8080-exec-5] org.hibernate.SQL                        : 
    select
        u1_0.id,
        u1_0.email,
        u1_0.name,
        u1_0.password,
        u1_0.role 
    from
        users u1_0 
    where
        u1_0.email=?
2025-11-04T15:17:07.410+05:30 DEBUG 15692 --- [backend] [http-nio-8080-exec-5] org.hibernate.SQL                        : 
    select
        u1_0.id,
        u1_0.email,
        u1_0.name,
        u1_0.password,
        u1_0.role 
    from
        users u1_0 
    where
        u1_0.email=?
2025-11-04T15:17:07.414+05:30 DEBUG 15692 --- [backend] [http-nio-8080-exec-5] o.s.w.s.m.m.a.HttpEntityMethodProcessor  : Using 'application/json', given [*/*] and supported [application/json, application/*+json]
2025-11-04T15:17:07.414+05:30 DEBUG 15692 --- [backend] [http-nio-8080-exec-5] o.s.w.s.m.m.a.HttpEntityMethodProcessor  : Writing [com.healthspace.backend.dto.AuthResponse@3c818fa2]
2025-11-04T15:17:07.415+05:30 DEBUG 15692 --- [backend] [http-nio-8080-exec-5] o.s.web.servlet.DispatcherServlet        : Completed 200 OK
2025-11-04T15:18:05.932+05:30 DEBUG 15692 --- [backend] [http-nio-8080-exec-6] org.hibernate.SQL                        : 
    select
        u1_0.id,
        u1_0.email,
        u1_0.name,
        u1_0.password,
        u1_0.role 
    from
        users u1_0 
    where
        u1_0.email=?
2025-11-04T15:18:05.940+05:30 DEBUG 15692 --- [backend] [http-nio-8080-exec-6] o.s.web.servlet.DispatcherServlet        : POST "/api/prescriptions/create", parameters={}
2025-11-04T15:18:05.940+05:30 DEBUG 15692 --- [backend] [http-nio-8080-exec-6] s.w.s.m.m.a.RequestMappingHandlerMapping : Mapped to com.healthspace.backend.controller.PrescriptionController#createPrescription(Prescription)
2025-11-04T15:18:05.942+05:30 DEBUG 15692 --- [backend] [http-nio-8080-exec-6] m.m.a.RequestResponseBodyMethodProcessor : Read "application/json;charset=UTF-8" to [com.healthspace.backend.entity.Prescription@4906559c]
2025-11-04T15:18:05.944+05:30 DEBUG 15692 --- [backend] [http-nio-8080-exec-6] org.hibernate.SQL                        : 
    insert 
    into
        prescriptions
        (appointment_id, date_issued, doctor_id, instructions, medication_details, patient_id) 
    values
        (?, ?, ?, ?, ?, ?)
2025-11-04T15:18:05.954+05:30 DEBUG 15692 --- [backend] [http-nio-8080-exec-6] m.m.a.RequestResponseBodyMethodProcessor : Using 'application/json', given [*/*] and supported [application/json, application/*+json]
2025-11-04T15:18:05.954+05:30 DEBUG 15692 --- [backend] [http-nio-8080-exec-6] m.m.a.RequestResponseBodyMethodProcessor : Writing [com.healthspace.backend.entity.Prescription@4906559c]
2025-11-04T15:18:05.958+05:30 DEBUG 15692 --- [backend] [http-nio-8080-exec-6] o.s.web.servlet.DispatcherServlet        : Completed 200 OK
2025-11-04T15:23:24.372+05:30  INFO 15692 --- [backend] [SpringApplicationShutdownHook] o.s.b.w.e.tomcat.GracefulShutdown        : Commencing graceful shutdown. Waiting for active requests to complete
2025-11-04T15:23:24.382+05:30  INFO 15692 --- [backend] [tomcat-shutdown] o.s.b.w.e.tomcat.GracefulShutdown        : Graceful shutdown complete
2025-11-04T15:23:24.389+05:30  INFO 15692 --- [backend] [SpringApplicationShutdownHook] j.LocalContainerEntityManagerFactoryBean : Closing JPA EntityManagerFactory for persistence unit 'default'
2025-11-04T15:23:24.391+05:30  INFO 15692 --- [backend] [SpringApplicationShutdownHook] com.zaxxer.hikari.HikariDataSource       : HikariPool-1 - Shutdown initiated...
2025-11-04T15:23:24.395+05:30  INFO 15692 --- [backend] [SpringApplicationShutdownHook] com.zaxxer.hikari.HikariDataSource       : HikariPool-1 - Shutdown completed.
2025-11-04T15:26:41.532+05:30  INFO 9656 --- [backend] [main] c.h.backend.BackendApplication           : Starting BackendApplication using Java 24.0.2 with PID 9656 (C:\Users\jhjos\OneDrive\Desktop\HealthSpace\target\classes started by jhjos in C:\Users\jhjos\OneDrive\Desktop\HealthSpace)
2025-11-04T15:26:41.536+05:30  INFO 9656 --- [backend] [main] c.h.backend.BackendApplication           : No active profile set, falling back to 1 default profile: "default"
2025-11-04T15:26:42.365+05:30  INFO 9656 --- [backend] [main] .s.d.r.c.RepositoryConfigurationDelegate : Bootstrapping Spring Data JPA repositories in DEFAULT mode.
2025-11-04T15:26:42.471+05:30  INFO 9656 --- [backend] [main] .s.d.r.c.RepositoryConfigurationDelegate : Finished Spring Data repository scanning in 93 ms. Found 5 JPA repository interfaces.
2025-11-04T15:26:43.207+05:30  INFO 9656 --- [backend] [main] o.s.b.w.embedded.tomcat.TomcatWebServer  : Tomcat initialized with port 8080 (http)
2025-11-04T15:26:43.226+05:30  INFO 9656 --- [backend] [main] o.apache.catalina.core.StandardService   : Starting service [Tomcat]
2025-11-04T15:26:43.226+05:30  INFO 9656 --- [backend] [main] o.apache.catalina.core.StandardEngine    : Starting Servlet engine: [Apache Tomcat/10.1.48]
2025-11-04T15:26:43.292+05:30  INFO 9656 --- [backend] [main] o.a.c.c.C.[Tomcat].[localhost].[/]       : Initializing Spring embedded WebApplicationContext
2025-11-04T15:26:43.293+05:30  INFO 9656 --- [backend] [main] w.s.c.ServletWebServerApplicationContext : Root WebApplicationContext: initialization completed in 1694 ms
2025-11-04T15:26:43.488+05:30  INFO 9656 --- [backend] [main] o.hibernate.jpa.internal.util.LogHelper  : HHH000204: Processing PersistenceUnitInfo [name: default]
2025-11-04T15:26:43.548+05:30  INFO 9656 --- [backend] [main] org.hibernate.Version                    : HHH000412: Hibernate ORM core version 6.6.33.Final
2025-11-04T15:26:43.588+05:30  INFO 9656 --- [backend] [main] o.h.c.internal.RegionFactoryInitiator    : HHH000026: Second-level cache disabled
2025-11-04T15:26:44.004+05:30  INFO 9656 --- [backend] [main] o.s.o.j.p.SpringPersistenceUnitInfo      : No LoadTimeWeaver setup: ignoring JPA class transformer
2025-11-04T15:26:44.041+05:30  INFO 9656 --- [backend] [main] com.zaxxer.hikari.HikariDataSource       : HikariPool-1 - Starting...
2025-11-04T15:26:44.232+05:30  INFO 9656 --- [backend] [main] com.zaxxer.hikari.pool.HikariPool        : HikariPool-1 - Added connection org.postgresql.jdbc.PgConnection@3c27f72
2025-11-04T15:26:44.234+05:30  INFO 9656 --- [backend] [main] com.zaxxer.hikari.HikariDataSource       : HikariPool-1 - Start completed.
2025-11-04T15:26:44.322+05:30  INFO 9656 --- [backend] [main] org.hibernate.orm.connections.pooling    : HHH10001005: Database info:
	Database JDBC URL [Connecting through datasource 'HikariDataSource (HikariPool-1)']
	Database driver: undefined/unknown
	Database version: 18.0
	Autocommit mode: undefined/unknown
	Isolation level: undefined/unknown
	Minimum pool size: undefined/unknown
	Maximum pool size: undefined/unknown
2025-11-04T15:26:45.462+05:30  INFO 9656 --- [backend] [main] o.h.e.t.j.p.i.JtaPlatformInitiator       : HHH000489: No JTA platform available (set 'hibernate.transaction.jta.platform' to enable JTA platform integration)
2025-11-04T15:26:45.529+05:30 DEBUG 9656 --- [backend] [main] org.hibernate.SQL                        : 
    create table patient_profiles (
        id bigint generated by default as identity,
        address varchar(255),
        age integer not null,
        contact_no varchar(255),
        gender varchar(255),
        weight float(53) not null,
        user_id bigint not null,
        primary key (id)
    )
2025-11-04T15:26:45.549+05:30 DEBUG 9656 --- [backend] [main] org.hibernate.SQL                        : 
    alter table if exists patient_profiles 
       drop constraint if exists UKm1vq601k5agscsnei45j7bcv1
2025-11-04T15:26:45.553+05:30  WARN 9656 --- [backend] [main] o.h.engine.jdbc.spi.SqlExceptionHelper   : SQL Warning Code: 0, SQLState: 00000
2025-11-04T15:26:45.553+05:30  WARN 9656 --- [backend] [main] o.h.engine.jdbc.spi.SqlExceptionHelper   : constraint "ukm1vq601k5agscsnei45j7bcv1" of relation "patient_profiles" does not exist, skipping
2025-11-04T15:26:45.553+05:30 DEBUG 9656 --- [backend] [main] org.hibernate.SQL                        : 
    alter table if exists patient_profiles 
       add constraint UKm1vq601k5agscsnei45j7bcv1 unique (user_id)
2025-11-04T15:26:45.557+05:30 DEBUG 9656 --- [backend] [main] org.hibernate.SQL                        : 
    alter table if exists patient_profiles 
       add constraint FK48bdvcabhgaa1bqphn9jijwn2 
       foreign key (user_id) 
       references users
2025-11-04T15:26:45.564+05:30  INFO 9656 --- [backend] [main] j.LocalContainerEntityManagerFactoryBean : Initialized JPA EntityManagerFactory for persistence unit 'default'
2025-11-04T15:26:46.306+05:30  INFO 9656 --- [backend] [main] eAuthenticationProviderManagerConfigurer : Global AuthenticationManager configured with AuthenticationProvider bean with name authenticationProvider
2025-11-04T15:26:46.307+05:30  WARN 9656 --- [backend] [main] r$InitializeUserDetailsManagerConfigurer : Global AuthenticationManager configured with an AuthenticationProvider bean. UserDetailsService beans will not be used by Spring Security for automatically configuring username/password login. Consider removing the AuthenticationProvider bean. Alternatively, consider using the UserDetailsService in a manually instantiated DaoAuthenticationProvider. If the current configuration is intentional, to turn off this warning, increase the logging level of 'org.springframework.security.config.annotation.authentication.configuration.InitializeUserDetailsBeanManagerConfigurer' to ERROR
2025-11-04T15:26:46.535+05:30 DEBUG 9656 --- [backend] [main] s.w.s.m.m.a.RequestMappingHandlerMapping : 20 mappings in 'requestMappingHandlerMapping'
2025-11-04T15:26:46.666+05:30 DEBUG 9656 --- [backend] [main] o.s.w.s.handler.SimpleUrlHandlerMapping  : Patterns [/webjars/**, /**] in 'resourceHandlerMapping'
2025-11-04T15:26:46.782+05:30 DEBUG 9656 --- [backend] [main] s.w.s.m.m.a.RequestMappingHandlerAdapter : ControllerAdvice beans: 0 @ModelAttribute, 0 @InitBinder, 1 RequestBodyAdvice, 1 ResponseBodyAdvice
2025-11-04T15:26:46.842+05:30 DEBUG 9656 --- [backend] [main] .m.m.a.ExceptionHandlerExceptionResolver : ControllerAdvice beans: 0 @ExceptionHandler, 1 ResponseBodyAdvice
2025-11-04T15:26:47.207+05:30  INFO 9656 --- [backend] [main] o.s.b.w.embedded.tomcat.TomcatWebServer  : Tomcat started on port 8080 (http) with context path '/'
2025-11-04T15:26:47.217+05:30  INFO 9656 --- [backend] [main] c.h.backend.BackendApplication           : Started BackendApplication in 6.317 seconds (process running for 7.138)
2025-11-04T15:27:25.238+05:30  INFO 9656 --- [backend] [http-nio-8080-exec-1] o.a.c.c.C.[Tomcat].[localhost].[/]       : Initializing Spring DispatcherServlet 'dispatcherServlet'
2025-11-04T15:27:25.239+05:30  INFO 9656 --- [backend] [http-nio-8080-exec-1] o.s.web.servlet.DispatcherServlet        : Initializing Servlet 'dispatcherServlet'
2025-11-04T15:27:25.239+05:30 DEBUG 9656 --- [backend] [http-nio-8080-exec-1] o.s.web.servlet.DispatcherServlet        : Detected StandardServletMultipartResolver
2025-11-04T15:27:25.239+05:30 DEBUG 9656 --- [backend] [http-nio-8080-exec-1] o.s.web.servlet.DispatcherServlet        : Detected AcceptHeaderLocaleResolver
2025-11-04T15:27:25.241+05:30 DEBUG 9656 --- [backend] [http-nio-8080-exec-1] o.s.web.servlet.DispatcherServlet        : Detected FixedThemeResolver
2025-11-04T15:27:25.242+05:30 DEBUG 9656 --- [backend] [http-nio-8080-exec-1] o.s.web.servlet.DispatcherServlet        : Detected org.springframework.web.servlet.view.DefaultRequestToViewNameTranslator@cda988
2025-11-04T15:27:25.242+05:30 DEBUG 9656 --- [backend] [http-nio-8080-exec-1] o.s.web.servlet.DispatcherServlet        : Detected org.springframework.web.servlet.support.SessionFlashMapManager@650a0b50
2025-11-04T15:27:25.243+05:30 DEBUG 9656 --- [backend] [http-nio-8080-exec-1] o.s.web.servlet.DispatcherServlet        : enableLoggingRequestDetails='false': request parameters and headers will be masked to prevent unsafe logging of potentially sensitive data
2025-11-04T15:27:25.243+05:30  INFO 9656 --- [backend] [http-nio-8080-exec-1] o.s.web.servlet.DispatcherServlet        : Completed initialization in 4 ms
2025-11-04T15:27:31.736+05:30 DEBUG 9656 --- [backend] [http-nio-8080-exec-3] org.hibernate.SQL                        : 
    select
        u1_0.id,
        u1_0.email,
        u1_0.name,
        u1_0.password,
        u1_0.role 
    from
        users u1_0 
    where
        u1_0.email=?
2025-11-04T15:27:31.782+05:30 DEBUG 9656 --- [backend] [http-nio-8080-exec-3] o.s.web.servlet.DispatcherServlet        : POST "/api/profiles/patient/6", parameters={}
2025-11-04T15:27:31.786+05:30 DEBUG 9656 --- [backend] [http-nio-8080-exec-3] s.w.s.m.m.a.RequestMappingHandlerMapping : Mapped to com.healthspace.backend.controller.PatientProfileController#createOrUpdateProfile(Long, PatientProfile)
2025-11-04T15:27:31.870+05:30 DEBUG 9656 --- [backend] [http-nio-8080-exec-3] m.m.a.RequestResponseBodyMethodProcessor : Read "application/json;charset=UTF-8" to [com.healthspace.backend.entity.PatientProfile@e9e4eab]
2025-11-04T15:27:31.913+05:30 DEBUG 9656 --- [backend] [http-nio-8080-exec-3] o.s.web.servlet.DispatcherServlet        : Failed to complete request: org.springframework.security.authorization.AuthorizationDeniedException: Access Denied
2025-11-04T15:29:44.435+05:30  INFO 9656 --- [backend] [SpringApplicationShutdownHook] o.s.b.w.e.tomcat.GracefulShutdown        : Commencing graceful shutdown. Waiting for active requests to complete
2025-11-04T15:29:44.444+05:30  INFO 9656 --- [backend] [tomcat-shutdown] o.s.b.w.e.tomcat.GracefulShutdown        : Graceful shutdown complete
2025-11-04T15:29:44.453+05:30  INFO 9656 --- [backend] [SpringApplicationShutdownHook] j.LocalContainerEntityManagerFactoryBean : Closing JPA EntityManagerFactory for persistence unit 'default'
2025-11-04T15:29:44.455+05:30  INFO 9656 --- [backend] [SpringApplicationShutdownHook] com.zaxxer.hikari.HikariDataSource       : HikariPool-1 - Shutdown initiated...
2025-11-04T15:29:44.459+05:30  INFO 9656 --- [backend] [SpringApplicationShutdownHook] com.zaxxer.hikari.HikariDataSource       : HikariPool-1 - Shutdown completed.
2025-11-04T15:29:50.086+05:30  INFO 19176 --- [backend] [main] c.h.backend.BackendApplication           : Starting BackendApplication using Java 24.0.2 with PID 19176 (C:\Users\jhjos\OneDrive\Desktop\HealthSpace\target\classes started by jhjos in C:\Users\jhjos\OneDrive\Desktop\HealthSpace)
2025-11-04T15:29:50.090+05:30  INFO 19176 --- [backend] [main] c.h.backend.BackendApplication           : No active profile set, falling back to 1 default profile: "default"
2025-11-04T15:29:50.964+05:30  INFO 19176 --- [backend] [main] .s.d.r.c.RepositoryConfigurationDelegate : Bootstrapping Spring Data JPA repositories in DEFAULT mode.
2025-11-04T15:29:51.052+05:30  INFO 19176 --- [backend] [main] .s.d.r.c.RepositoryConfigurationDelegate : Finished Spring Data repository scanning in 77 ms. Found 5 JPA repository interfaces.
2025-11-04T15:29:51.806+05:30  INFO 19176 --- [backend] [main] o.s.b.w.embedded.tomcat.TomcatWebServer  : Tomcat initialized with port 8080 (http)
2025-11-04T15:29:51.824+05:30  INFO 19176 --- [backend] [main] o.apache.catalina.core.StandardService   : Starting service [Tomcat]
2025-11-04T15:29:51.825+05:30  INFO 19176 --- [backend] [main] o.apache.catalina.core.StandardEngine    : Starting Servlet engine: [Apache Tomcat/10.1.48]
2025-11-04T15:29:51.894+05:30  INFO 19176 --- [backend] [main] o.a.c.c.C.[Tomcat].[localhost].[/]       : Initializing Spring embedded WebApplicationContext
2025-11-04T15:29:51.894+05:30  INFO 19176 --- [backend] [main] w.s.c.ServletWebServerApplicationContext : Root WebApplicationContext: initialization completed in 1740 ms
2025-11-04T15:29:52.117+05:30  INFO 19176 --- [backend] [main] o.hibernate.jpa.internal.util.LogHelper  : HHH000204: Processing PersistenceUnitInfo [name: default]
2025-11-04T15:29:52.179+05:30  INFO 19176 --- [backend] [main] org.hibernate.Version                    : HHH000412: Hibernate ORM core version 6.6.33.Final
2025-11-04T15:29:52.222+05:30  INFO 19176 --- [backend] [main] o.h.c.internal.RegionFactoryInitiator    : HHH000026: Second-level cache disabled
2025-11-04T15:29:52.619+05:30  INFO 19176 --- [backend] [main] o.s.o.j.p.SpringPersistenceUnitInfo      : No LoadTimeWeaver setup: ignoring JPA class transformer
2025-11-04T15:29:52.658+05:30  INFO 19176 --- [backend] [main] com.zaxxer.hikari.HikariDataSource       : HikariPool-1 - Starting...
2025-11-04T15:29:52.861+05:30  INFO 19176 --- [backend] [main] com.zaxxer.hikari.pool.HikariPool        : HikariPool-1 - Added connection org.postgresql.jdbc.PgConnection@15f519f7
2025-11-04T15:29:52.863+05:30  INFO 19176 --- [backend] [main] com.zaxxer.hikari.HikariDataSource       : HikariPool-1 - Start completed.
2025-11-04T15:29:52.937+05:30  INFO 19176 --- [backend] [main] org.hibernate.orm.connections.pooling    : HHH10001005: Database info:
	Database JDBC URL [Connecting through datasource 'HikariDataSource (HikariPool-1)']
	Database driver: undefined/unknown
	Database version: 18.0
	Autocommit mode: undefined/unknown
	Isolation level: undefined/unknown
	Minimum pool size: undefined/unknown
	Maximum pool size: undefined/unknown
2025-11-04T15:29:54.046+05:30  INFO 19176 --- [backend] [main] o.h.e.t.j.p.i.JtaPlatformInitiator       : HHH000489: No JTA platform available (set 'hibernate.transaction.jta.platform' to enable JTA platform integration)
2025-11-04T15:29:54.141+05:30  INFO 19176 --- [backend] [main] j.LocalContainerEntityManagerFactoryBean : Initialized JPA EntityManagerFactory for persistence unit 'default'
2025-11-04T15:29:54.892+05:30  INFO 19176 --- [backend] [main] eAuthenticationProviderManagerConfigurer : Global AuthenticationManager configured with AuthenticationProvider bean with name authenticationProvider
2025-11-04T15:29:54.893+05:30  WARN 19176 --- [backend] [main] r$InitializeUserDetailsManagerConfigurer : Global AuthenticationManager configured with an AuthenticationProvider bean. UserDetailsService beans will not be used by Spring Security for automatically configuring username/password login. Consider removing the AuthenticationProvider bean. Alternatively, consider using the UserDetailsService in a manually instantiated DaoAuthenticationProvider. If the current configuration is intentional, to turn off this warning, increase the logging level of 'org.springframework.security.config.annotation.authentication.configuration.InitializeUserDetailsBeanManagerConfigurer' to ERROR
2025-11-04T15:29:55.113+05:30 DEBUG 19176 --- [backend] [main] s.w.s.m.m.a.RequestMappingHandlerMapping : 20 mappings in 'requestMappingHandlerMapping'
2025-11-04T15:29:55.254+05:30 DEBUG 19176 --- [backend] [main] o.s.w.s.handler.SimpleUrlHandlerMapping  : Patterns [/webjars/**, /**] in 'resourceHandlerMapping'
2025-11-04T15:29:55.372+05:30 DEBUG 19176 --- [backend] [main] s.w.s.m.m.a.RequestMappingHandlerAdapter : ControllerAdvice beans: 0 @ModelAttribute, 0 @InitBinder, 1 RequestBodyAdvice, 1 ResponseBodyAdvice
2025-11-04T15:29:55.433+05:30 DEBUG 19176 --- [backend] [main] .m.m.a.ExceptionHandlerExceptionResolver : ControllerAdvice beans: 0 @ExceptionHandler, 1 ResponseBodyAdvice
2025-11-04T15:29:55.773+05:30  INFO 19176 --- [backend] [main] o.s.b.w.embedded.tomcat.TomcatWebServer  : Tomcat started on port 8080 (http) with context path '/'
2025-11-04T15:29:55.785+05:30  INFO 19176 --- [backend] [main] c.h.backend.BackendApplication           : Started BackendApplication in 6.34 seconds (process running for 7.172)
2025-11-04T15:30:21.915+05:30  INFO 19176 --- [backend] [http-nio-8080-exec-2] o.a.c.c.C.[Tomcat].[localhost].[/]       : Initializing Spring DispatcherServlet 'dispatcherServlet'
2025-11-04T15:30:21.916+05:30  INFO 19176 --- [backend] [http-nio-8080-exec-2] o.s.web.servlet.DispatcherServlet        : Initializing Servlet 'dispatcherServlet'
2025-11-04T15:30:21.916+05:30 DEBUG 19176 --- [backend] [http-nio-8080-exec-2] o.s.web.servlet.DispatcherServlet        : Detected StandardServletMultipartResolver
2025-11-04T15:30:21.916+05:30 DEBUG 19176 --- [backend] [http-nio-8080-exec-2] o.s.web.servlet.DispatcherServlet        : Detected AcceptHeaderLocaleResolver
2025-11-04T15:30:21.917+05:30 DEBUG 19176 --- [backend] [http-nio-8080-exec-2] o.s.web.servlet.DispatcherServlet        : Detected FixedThemeResolver
2025-11-04T15:30:21.918+05:30 DEBUG 19176 --- [backend] [http-nio-8080-exec-2] o.s.web.servlet.DispatcherServlet        : Detected org.springframework.web.servlet.view.DefaultRequestToViewNameTranslator@4db10b9f
2025-11-04T15:30:21.918+05:30 DEBUG 19176 --- [backend] [http-nio-8080-exec-2] o.s.web.servlet.DispatcherServlet        : Detected org.springframework.web.servlet.support.SessionFlashMapManager@6cfe32cd
2025-11-04T15:30:21.919+05:30 DEBUG 19176 --- [backend] [http-nio-8080-exec-2] o.s.web.servlet.DispatcherServlet        : enableLoggingRequestDetails='false': request parameters and headers will be masked to prevent unsafe logging of potentially sensitive data
2025-11-04T15:30:21.919+05:30  INFO 19176 --- [backend] [http-nio-8080-exec-2] o.s.web.servlet.DispatcherServlet        : Completed initialization in 3 ms
2025-11-04T15:45:17.997+05:30  INFO 19176 --- [backend] [SpringApplicationShutdownHook] o.s.b.w.e.tomcat.GracefulShutdown        : Commencing graceful shutdown. Waiting for active requests to complete
2025-11-04T15:45:18.007+05:30  INFO 19176 --- [backend] [tomcat-shutdown] o.s.b.w.e.tomcat.GracefulShutdown        : Graceful shutdown complete
2025-11-04T15:45:18.015+05:30  INFO 19176 --- [backend] [SpringApplicationShutdownHook] j.LocalContainerEntityManagerFactoryBean : Closing JPA EntityManagerFactory for persistence unit 'default'
2025-11-04T15:45:18.017+05:30  INFO 19176 --- [backend] [SpringApplicationShutdownHook] com.zaxxer.hikari.HikariDataSource       : HikariPool-1 - Shutdown initiated...
2025-11-04T15:45:18.020+05:30  INFO 19176 --- [backend] [SpringApplicationShutdownHook] com.zaxxer.hikari.HikariDataSource       : HikariPool-1 - Shutdown completed.
2025-11-04T22:50:51.301+05:30  INFO 4936 --- [backend] [main] c.h.backend.BackendApplication           : Starting BackendApplication using Java 24.0.2 with PID 4936 (C:\Users\jhjos\OneDrive\Desktop\HealthSpace\target\classes started by jhjos in C:\Users\jhjos\OneDrive\Desktop\HealthSpace)
2025-11-04T22:50:51.304+05:30  INFO 4936 --- [backend] [main] c.h.backend.BackendApplication           : No active profile set, falling back to 1 default profile: "default"
2025-11-04T22:50:52.263+05:30  INFO 4936 --- [backend] [main] .s.d.r.c.RepositoryConfigurationDelegate : Bootstrapping Spring Data JPA repositories in DEFAULT mode.
2025-11-04T22:50:52.357+05:30  INFO 4936 --- [backend] [main] .s.d.r.c.RepositoryConfigurationDelegate : Finished Spring Data repository scanning in 80 ms. Found 5 JPA repository interfaces.
2025-11-04T22:50:53.204+05:30  INFO 4936 --- [backend] [main] o.s.b.w.embedded.tomcat.TomcatWebServer  : Tomcat initialized with port 8080 (http)
2025-11-04T22:50:53.224+05:30  INFO 4936 --- [backend] [main] o.apache.catalina.core.StandardService   : Starting service [Tomcat]
2025-11-04T22:50:53.225+05:30  INFO 4936 --- [backend] [main] o.apache.catalina.core.StandardEngine    : Starting Servlet engine: [Apache Tomcat/10.1.48]
2025-11-04T22:50:53.300+05:30  INFO 4936 --- [backend] [main] o.a.c.c.C.[Tomcat].[localhost].[/]       : Initializing Spring embedded WebApplicationContext
2025-11-04T22:50:53.301+05:30  INFO 4936 --- [backend] [main] w.s.c.ServletWebServerApplicationContext : Root WebApplicationContext: initialization completed in 1935 ms
2025-11-04T22:50:53.517+05:30  INFO 4936 --- [backend] [main] o.hibernate.jpa.internal.util.LogHelper  : HHH000204: Processing PersistenceUnitInfo [name: default]
2025-11-04T22:50:53.605+05:30  INFO 4936 --- [backend] [main] org.hibernate.Version                    : HHH000412: Hibernate ORM core version 6.6.33.Final
2025-11-04T22:50:53.662+05:30  INFO 4936 --- [backend] [main] o.h.c.internal.RegionFactoryInitiator    : HHH000026: Second-level cache disabled
2025-11-04T22:50:54.178+05:30  INFO 4936 --- [backend] [main] o.s.o.j.p.SpringPersistenceUnitInfo      : No LoadTimeWeaver setup: ignoring JPA class transformer
2025-11-04T22:50:54.221+05:30  INFO 4936 --- [backend] [main] com.zaxxer.hikari.HikariDataSource       : HikariPool-1 - Starting...
2025-11-04T22:50:54.510+05:30  INFO 4936 --- [backend] [main] com.zaxxer.hikari.pool.HikariPool        : HikariPool-1 - Added connection org.postgresql.jdbc.PgConnection@57f0bfc3
2025-11-04T22:50:54.513+05:30  INFO 4936 --- [backend] [main] com.zaxxer.hikari.HikariDataSource       : HikariPool-1 - Start completed.
2025-11-04T22:50:54.648+05:30  INFO 4936 --- [backend] [main] org.hibernate.orm.connections.pooling    : HHH10001005: Database info:
	Database JDBC URL [Connecting through datasource 'HikariDataSource (HikariPool-1)']
	Database driver: undefined/unknown
	Database version: 18.0
	Autocommit mode: undefined/unknown
	Isolation level: undefined/unknown
	Minimum pool size: undefined/unknown
	Maximum pool size: undefined/unknown
2025-11-04T22:50:55.962+05:30  INFO 4936 --- [backend] [main] o.h.e.t.j.p.i.JtaPlatformInitiator       : HHH000489: No JTA platform available (set 'hibernate.transaction.jta.platform' to enable JTA platform integration)
2025-11-04T22:50:56.138+05:30  INFO 4936 --- [backend] [main] j.LocalContainerEntityManagerFactoryBean : Initialized JPA EntityManagerFactory for persistence unit 'default'
2025-11-04T22:50:56.991+05:30  INFO 4936 --- [backend] [main] eAuthenticationProviderManagerConfigurer : Global AuthenticationManager configured with AuthenticationProvider bean with name authenticationProvider
2025-11-04T22:50:56.992+05:30  WARN 4936 --- [backend] [main] r$InitializeUserDetailsManagerConfigurer : Global AuthenticationManager configured with an AuthenticationProvider bean. UserDetailsService beans will not be used by Spring Security for automatically configuring username/password login. Consider removing the AuthenticationProvider bean. Alternatively, consider using the UserDetailsService in a manually instantiated DaoAuthenticationProvider. If the current configuration is intentional, to turn off this warning, increase the logging level of 'org.springframework.security.config.annotation.authentication.configuration.InitializeUserDetailsBeanManagerConfigurer' to ERROR
2025-11-04T22:50:57.309+05:30 DEBUG 4936 --- [backend] [main] s.w.s.m.m.a.RequestMappingHandlerMapping : 20 mappings in 'requestMappingHandlerMapping'
2025-11-04T22:50:57.444+05:30 DEBUG 4936 --- [backend] [main] o.s.w.s.handler.SimpleUrlHandlerMapping  : Patterns [/webjars/**, /**] in 'resourceHandlerMapping'
2025-11-04T22:50:57.588+05:30 DEBUG 4936 --- [backend] [main] s.w.s.m.m.a.RequestMappingHandlerAdapter : ControllerAdvice beans: 0 @ModelAttribute, 0 @InitBinder, 1 RequestBodyAdvice, 1 ResponseBodyAdvice
2025-11-04T22:50:57.670+05:30 DEBUG 4936 --- [backend] [main] .m.m.a.ExceptionHandlerExceptionResolver : ControllerAdvice beans: 0 @ExceptionHandler, 1 ResponseBodyAdvice
2025-11-04T22:50:58.097+05:30  INFO 4936 --- [backend] [main] o.s.b.w.embedded.tomcat.TomcatWebServer  : Tomcat started on port 8080 (http) with context path '/'
2025-11-04T22:50:58.107+05:30  INFO 4936 --- [backend] [main] c.h.backend.BackendApplication           : Started BackendApplication in 7.513 seconds (process running for 8.504)
2025-11-04T22:53:43.452+05:30  INFO 4936 --- [backend] [http-nio-8080-exec-1] o.a.c.c.C.[Tomcat].[localhost].[/]       : Initializing Spring DispatcherServlet 'dispatcherServlet'
2025-11-04T22:53:43.453+05:30  INFO 4936 --- [backend] [http-nio-8080-exec-1] o.s.web.servlet.DispatcherServlet        : Initializing Servlet 'dispatcherServlet'
2025-11-04T22:53:43.454+05:30 DEBUG 4936 --- [backend] [http-nio-8080-exec-1] o.s.web.servlet.DispatcherServlet        : Detected StandardServletMultipartResolver
2025-11-04T22:53:43.454+05:30 DEBUG 4936 --- [backend] [http-nio-8080-exec-1] o.s.web.servlet.DispatcherServlet        : Detected AcceptHeaderLocaleResolver
2025-11-04T22:53:43.454+05:30 DEBUG 4936 --- [backend] [http-nio-8080-exec-1] o.s.web.servlet.DispatcherServlet        : Detected FixedThemeResolver
2025-11-04T22:53:43.456+05:30 DEBUG 4936 --- [backend] [http-nio-8080-exec-1] o.s.web.servlet.DispatcherServlet        : Detected org.springframework.web.servlet.view.DefaultRequestToViewNameTranslator@6a1b4854
2025-11-04T22:53:43.456+05:30 DEBUG 4936 --- [backend] [http-nio-8080-exec-1] o.s.web.servlet.DispatcherServlet        : Detected org.springframework.web.servlet.support.SessionFlashMapManager@f83616
2025-11-04T22:53:43.458+05:30 DEBUG 4936 --- [backend] [http-nio-8080-exec-1] o.s.web.servlet.DispatcherServlet        : enableLoggingRequestDetails='false': request parameters and headers will be masked to prevent unsafe logging of potentially sensitive data
2025-11-04T22:53:43.458+05:30  INFO 4936 --- [backend] [http-nio-8080-exec-1] o.s.web.servlet.DispatcherServlet        : Completed initialization in 4 ms
2025-11-04T22:53:43.511+05:30 DEBUG 4936 --- [backend] [http-nio-8080-exec-1] o.s.web.servlet.DispatcherServlet        : POST "/api/auth/register", parameters={}
2025-11-04T22:53:43.514+05:30 DEBUG 4936 --- [backend] [http-nio-8080-exec-1] s.w.s.m.m.a.RequestMappingHandlerMapping : Mapped to com.healthspace.backend.controller.AuthController#registerUser(User)
2025-11-04T22:53:43.664+05:30 DEBUG 4936 --- [backend] [http-nio-8080-exec-1] m.m.a.RequestResponseBodyMethodProcessor : Read "application/json;charset=UTF-8" to [com.healthspace.backend.entity.User@26e055b]
2025-11-04T22:53:43.920+05:30 DEBUG 4936 --- [backend] [http-nio-8080-exec-1] org.hibernate.SQL                        : 
    insert 
    into
        users
        (email, name, password, role) 
    values
        (?, ?, ?, ?)
2025-11-04T22:53:44.035+05:30 DEBUG 4936 --- [backend] [http-nio-8080-exec-1] m.m.a.RequestResponseBodyMethodProcessor : Using 'application/json', given [*/*] and supported [application/json, application/*+json]
2025-11-04T22:53:44.039+05:30 DEBUG 4936 --- [backend] [http-nio-8080-exec-1] m.m.a.RequestResponseBodyMethodProcessor : Writing [com.healthspace.backend.entity.User@26e055b]
2025-11-04T22:53:44.064+05:30 DEBUG 4936 --- [backend] [http-nio-8080-exec-1] o.s.web.servlet.DispatcherServlet        : Completed 200 OK
2025-11-04T22:54:29.068+05:30 DEBUG 4936 --- [backend] [http-nio-8080-exec-5] o.s.web.servlet.DispatcherServlet        : POST "/api/auth/register", parameters={}
2025-11-04T22:54:29.068+05:30 DEBUG 4936 --- [backend] [http-nio-8080-exec-5] s.w.s.m.m.a.RequestMappingHandlerMapping : Mapped to com.healthspace.backend.controller.AuthController#registerUser(User)
2025-11-04T22:54:29.069+05:30 DEBUG 4936 --- [backend] [http-nio-8080-exec-5] m.m.a.RequestResponseBodyMethodProcessor : Read "application/json;charset=UTF-8" to [com.healthspace.backend.entity.User@664b8b59]
2025-11-04T22:54:29.223+05:30 DEBUG 4936 --- [backend] [http-nio-8080-exec-5] org.hibernate.SQL                        : 
    insert 
    into
        users
        (email, name, password, role) 
    values
        (?, ?, ?, ?)
2025-11-04T22:54:29.235+05:30 DEBUG 4936 --- [backend] [http-nio-8080-exec-5] m.m.a.RequestResponseBodyMethodProcessor : Using 'application/json', given [*/*] and supported [application/json, application/*+json]
2025-11-04T22:54:29.235+05:30 DEBUG 4936 --- [backend] [http-nio-8080-exec-5] m.m.a.RequestResponseBodyMethodProcessor : Writing [com.healthspace.backend.entity.User@664b8b59]
2025-11-04T22:54:29.237+05:30 DEBUG 4936 --- [backend] [http-nio-8080-exec-5] o.s.web.servlet.DispatcherServlet        : Completed 200 OK
2025-11-04T22:55:03.792+05:30 DEBUG 4936 --- [backend] [http-nio-8080-exec-4] o.s.web.servlet.DispatcherServlet        : POST "/api/auth/login", parameters={}
2025-11-04T22:55:03.794+05:30 DEBUG 4936 --- [backend] [http-nio-8080-exec-4] s.w.s.m.m.a.RequestMappingHandlerMapping : Mapped to com.healthspace.backend.controller.AuthController#login(AuthRequest)
2025-11-04T22:55:03.796+05:30 DEBUG 4936 --- [backend] [http-nio-8080-exec-4] m.m.a.RequestResponseBodyMethodProcessor : Read "application/json;charset=UTF-8" to [com.healthspace.backend.dto.AuthRequest@7ed8e5a8]
2025-11-04T22:55:04.032+05:30 DEBUG 4936 --- [backend] [http-nio-8080-exec-4] org.hibernate.SQL                        : 
    select
        u1_0.id,
        u1_0.email,
        u1_0.name,
        u1_0.password,
        u1_0.role 
    from
        users u1_0 
    where
        u1_0.email=?
2025-11-04T22:55:04.058+05:30 DEBUG 4936 --- [backend] [http-nio-8080-exec-4] o.s.w.s.m.m.a.HttpEntityMethodProcessor  : Using 'text/plain', given [*/*] and supported [text/plain, */*, application/json, application/*+json]
2025-11-04T22:55:04.059+05:30 DEBUG 4936 --- [backend] [http-nio-8080-exec-4] o.s.w.s.m.m.a.HttpEntityMethodProcessor  : Writing ["Invalid credentials"]
2025-11-04T22:55:04.061+05:30 DEBUG 4936 --- [backend] [http-nio-8080-exec-4] o.s.web.servlet.DispatcherServlet        : Completed 401 UNAUTHORIZED
2025-11-04T22:55:11.514+05:30 DEBUG 4936 --- [backend] [http-nio-8080-exec-3] o.s.web.servlet.DispatcherServlet        : POST "/api/auth/login", parameters={}
2025-11-04T22:55:11.516+05:30 DEBUG 4936 --- [backend] [http-nio-8080-exec-3] s.w.s.m.m.a.RequestMappingHandlerMapping : Mapped to com.healthspace.backend.controller.AuthController#login(AuthRequest)
2025-11-04T22:55:11.519+05:30 DEBUG 4936 --- [backend] [http-nio-8080-exec-3] m.m.a.RequestResponseBodyMethodProcessor : Read "application/json;charset=UTF-8" to [com.healthspace.backend.dto.AuthRequest@40c50b37]
2025-11-04T22:55:11.522+05:30 DEBUG 4936 --- [backend] [http-nio-8080-exec-3] org.hibernate.SQL                        : 
    select
        u1_0.id,
        u1_0.email,
        u1_0.name,
        u1_0.password,
        u1_0.role 
    from
        users u1_0 
    where
        u1_0.email=?
2025-11-04T22:55:11.685+05:30 DEBUG 4936 --- [backend] [http-nio-8080-exec-3] org.hibernate.SQL                        : 
    select
        u1_0.id,
        u1_0.email,
        u1_0.name,
        u1_0.password,
        u1_0.role 
    from
        users u1_0 
    where
        u1_0.email=?
2025-11-04T22:55:11.743+05:30 DEBUG 4936 --- [backend] [http-nio-8080-exec-3] o.s.w.s.m.m.a.HttpEntityMethodProcessor  : Using 'application/json', given [*/*] and supported [application/json, application/*+json]
2025-11-04T22:55:11.744+05:30 DEBUG 4936 --- [backend] [http-nio-8080-exec-3] o.s.w.s.m.m.a.HttpEntityMethodProcessor  : Writing [com.healthspace.backend.dto.AuthResponse@580b567]
2025-11-04T22:55:11.745+05:30 DEBUG 4936 --- [backend] [http-nio-8080-exec-3] o.s.web.servlet.DispatcherServlet        : Completed 200 OK
2025-11-04T22:57:09.277+05:30 DEBUG 4936 --- [backend] [http-nio-8080-exec-8] org.hibernate.SQL                        : 
    select
        u1_0.id,
        u1_0.email,
        u1_0.name,
        u1_0.password,
        u1_0.role 
    from
        users u1_0 
    where
        u1_0.email=?
2025-11-04T22:57:09.285+05:30 DEBUG 4936 --- [backend] [http-nio-8080-exec-8] o.s.web.servlet.DispatcherServlet        : POST "/api/profiles/patient/1", parameters={}
2025-11-04T22:57:09.286+05:30 DEBUG 4936 --- [backend] [http-nio-8080-exec-8] s.w.s.m.m.a.RequestMappingHandlerMapping : Mapped to com.healthspace.backend.controller.PatientProfileController#createOrUpdateProfile(Long, PatientProfile)
2025-11-04T22:57:09.294+05:30 DEBUG 4936 --- [backend] [http-nio-8080-exec-8] m.m.a.RequestResponseBodyMethodProcessor : Read "application/json;charset=UTF-8" to [com.healthspace.backend.entity.PatientProfile@472317b9]
2025-11-04T22:57:09.350+05:30 DEBUG 4936 --- [backend] [http-nio-8080-exec-8] org.hibernate.SQL                        : 
    select
        u1_0.id,
        u1_0.email,
        u1_0.name,
        u1_0.password,
        u1_0.role 
    from
        users u1_0 
    where
        u1_0.id=?
2025-11-04T22:57:09.358+05:30 DEBUG 4936 --- [backend] [http-nio-8080-exec-8] org.hibernate.SQL                        : 
    select
        pp1_0.id,
        pp1_0.address,
        pp1_0.age,
        pp1_0.contact_no,
        pp1_0.gender,
        pp1_0.user_id,
        pp1_0.weight 
    from
        patient_profiles pp1_0 
    left join
        users u1_0 
            on u1_0.id=pp1_0.user_id 
    where
        u1_0.id=?
2025-11-04T22:57:09.369+05:30 DEBUG 4936 --- [backend] [http-nio-8080-exec-8] org.hibernate.SQL                        : 
    insert 
    into
        patient_profiles
        (address, age, contact_no, gender, user_id, weight) 
    values
        (?, ?, ?, ?, ?, ?)
2025-11-04T22:57:09.378+05:30 DEBUG 4936 --- [backend] [http-nio-8080-exec-8] m.m.a.RequestResponseBodyMethodProcessor : Using 'application/json', given [*/*] and supported [application/json, application/*+json]
2025-11-04T22:57:09.378+05:30 DEBUG 4936 --- [backend] [http-nio-8080-exec-8] m.m.a.RequestResponseBodyMethodProcessor : Writing [com.healthspace.backend.entity.PatientProfile@6e45e04b]
2025-11-04T22:57:09.381+05:30 DEBUG 4936 --- [backend] [http-nio-8080-exec-8] o.s.web.servlet.DispatcherServlet        : Completed 200 OK
2025-11-04T22:58:34.340+05:30 DEBUG 4936 --- [backend] [http-nio-8080-exec-2] org.hibernate.SQL                        : 
    select
        u1_0.id,
        u1_0.email,
        u1_0.name,
        u1_0.password,
        u1_0.role 
    from
        users u1_0 
    where
        u1_0.email=?
2025-11-04T22:58:34.348+05:30 DEBUG 4936 --- [backend] [http-nio-8080-exec-2] o.s.web.servlet.DispatcherServlet        : POST "/api/prescriptions/create", parameters={}
2025-11-04T22:58:34.349+05:30 DEBUG 4936 --- [backend] [http-nio-8080-exec-2] s.w.s.m.m.a.RequestMappingHandlerMapping : Mapped to com.healthspace.backend.controller.PrescriptionController#createPrescription(Prescription)
2025-11-04T22:58:34.352+05:30 DEBUG 4936 --- [backend] [http-nio-8080-exec-2] m.m.a.RequestResponseBodyMethodProcessor : Read "application/json;charset=UTF-8" to [com.healthspace.backend.entity.Prescription@3a729de]
2025-11-04T22:58:34.360+05:30 DEBUG 4936 --- [backend] [http-nio-8080-exec-2] o.s.web.servlet.DispatcherServlet        : Failed to complete request: org.springframework.security.authorization.AuthorizationDeniedException: Access Denied
2025-11-04T22:59:04.387+05:30 DEBUG 4936 --- [backend] [http-nio-8080-exec-1] o.s.web.servlet.DispatcherServlet        : POST "/api/auth/login", parameters={}
2025-11-04T22:59:04.388+05:30 DEBUG 4936 --- [backend] [http-nio-8080-exec-1] s.w.s.m.m.a.RequestMappingHandlerMapping : Mapped to com.healthspace.backend.controller.AuthController#login(AuthRequest)
2025-11-04T22:59:04.389+05:30 DEBUG 4936 --- [backend] [http-nio-8080-exec-1] m.m.a.RequestResponseBodyMethodProcessor : Read "application/json;charset=UTF-8" to [com.healthspace.backend.dto.AuthRequest@6647bde3]
2025-11-04T22:59:04.391+05:30 DEBUG 4936 --- [backend] [http-nio-8080-exec-1] org.hibernate.SQL                        : 
    select
        u1_0.id,
        u1_0.email,
        u1_0.name,
        u1_0.password,
        u1_0.role 
    from
        users u1_0 
    where
        u1_0.email=?
2025-11-04T22:59:04.543+05:30 DEBUG 4936 --- [backend] [http-nio-8080-exec-1] org.hibernate.SQL                        : 
    select
        u1_0.id,
        u1_0.email,
        u1_0.name,
        u1_0.password,
        u1_0.role 
    from
        users u1_0 
    where
        u1_0.email=?
2025-11-04T22:59:04.547+05:30 DEBUG 4936 --- [backend] [http-nio-8080-exec-1] o.s.w.s.m.m.a.HttpEntityMethodProcessor  : Using 'application/json', given [*/*] and supported [application/json, application/*+json]
2025-11-04T22:59:04.548+05:30 DEBUG 4936 --- [backend] [http-nio-8080-exec-1] o.s.w.s.m.m.a.HttpEntityMethodProcessor  : Writing [com.healthspace.backend.dto.AuthResponse@6abe5be4]
2025-11-04T22:59:04.549+05:30 DEBUG 4936 --- [backend] [http-nio-8080-exec-1] o.s.web.servlet.DispatcherServlet        : Completed 200 OK
2025-11-04T23:00:36.762+05:30 DEBUG 4936 --- [backend] [http-nio-8080-exec-3] org.hibernate.SQL                        : 
    select
        u1_0.id,
        u1_0.email,
        u1_0.name,
        u1_0.password,
        u1_0.role 
    from
        users u1_0 
    where
        u1_0.email=?
2025-11-04T23:00:36.768+05:30 DEBUG 4936 --- [backend] [http-nio-8080-exec-3] o.s.web.servlet.DispatcherServlet        : POST "/api/prescriptions/create", parameters={}
2025-11-04T23:00:36.769+05:30 DEBUG 4936 --- [backend] [http-nio-8080-exec-3] s.w.s.m.m.a.RequestMappingHandlerMapping : Mapped to com.healthspace.backend.controller.PrescriptionController#createPrescription(Prescription)
2025-11-04T23:00:36.770+05:30 DEBUG 4936 --- [backend] [http-nio-8080-exec-3] m.m.a.RequestResponseBodyMethodProcessor : Read "application/json;charset=UTF-8" to [com.healthspace.backend.entity.Prescription@69939480]
2025-11-04T23:00:36.773+05:30 DEBUG 4936 --- [backend] [http-nio-8080-exec-3] org.hibernate.SQL                        : 
    insert 
    into
        prescriptions
        (appointment_id, date_issued, doctor_id, instructions, medication_details, patient_id) 
    values
        (?, ?, ?, ?, ?, ?)
2025-11-04T23:00:36.781+05:30 DEBUG 4936 --- [backend] [http-nio-8080-exec-3] m.m.a.RequestResponseBodyMethodProcessor : Using 'application/json', given [*/*] and supported [application/json, application/*+json]
2025-11-04T23:00:36.782+05:30 DEBUG 4936 --- [backend] [http-nio-8080-exec-3] m.m.a.RequestResponseBodyMethodProcessor : Writing [com.healthspace.backend.entity.Prescription@69939480]
2025-11-04T23:00:36.783+05:30 DEBUG 4936 --- [backend] [http-nio-8080-exec-3] o.s.web.servlet.DispatcherServlet        : Completed 200 OK
2025-11-04T23:03:38.519+05:30  INFO 4936 --- [backend] [SpringApplicationShutdownHook] o.s.b.w.e.tomcat.GracefulShutdown        : Commencing graceful shutdown. Waiting for active requests to complete
2025-11-04T23:03:38.531+05:30  INFO 4936 --- [backend] [tomcat-shutdown] o.s.b.w.e.tomcat.GracefulShutdown        : Graceful shutdown complete
2025-11-04T23:03:38.540+05:30  INFO 4936 --- [backend] [SpringApplicationShutdownHook] j.LocalContainerEntityManagerFactoryBean : Closing JPA EntityManagerFactory for persistence unit 'default'
2025-11-04T23:03:38.543+05:30  INFO 4936 --- [backend] [SpringApplicationShutdownHook] com.zaxxer.hikari.HikariDataSource       : HikariPool-1 - Shutdown initiated...
2025-11-04T23:03:38.546+05:30  INFO 4936 --- [backend] [SpringApplicationShutdownHook] com.zaxxer.hikari.HikariDataSource       : HikariPool-1 - Shutdown completed.
2025-11-04T23:03:44.637+05:30  INFO 8036 --- [backend] [main] c.h.backend.BackendApplication           : Starting BackendApplication using Java 24.0.2 with PID 8036 (C:\Users\jhjos\OneDrive\Desktop\HealthSpace\target\classes started by jhjos in C:\Users\jhjos\OneDrive\Desktop\HealthSpace)
2025-11-04T23:03:44.640+05:30  INFO 8036 --- [backend] [main] c.h.backend.BackendApplication           : No active profile set, falling back to 1 default profile: "default"
2025-11-04T23:03:45.575+05:30  INFO 8036 --- [backend] [main] .s.d.r.c.RepositoryConfigurationDelegate : Bootstrapping Spring Data JPA repositories in DEFAULT mode.
2025-11-04T23:03:45.666+05:30  INFO 8036 --- [backend] [main] .s.d.r.c.RepositoryConfigurationDelegate : Finished Spring Data repository scanning in 80 ms. Found 5 JPA repository interfaces.
2025-11-04T23:03:46.454+05:30  INFO 8036 --- [backend] [main] o.s.b.w.embedded.tomcat.TomcatWebServer  : Tomcat initialized with port 8080 (http)
2025-11-04T23:03:46.477+05:30  INFO 8036 --- [backend] [main] o.apache.catalina.core.StandardService   : Starting service [Tomcat]
2025-11-04T23:03:46.478+05:30  INFO 8036 --- [backend] [main] o.apache.catalina.core.StandardEngine    : Starting Servlet engine: [Apache Tomcat/10.1.48]
2025-11-04T23:03:46.552+05:30  INFO 8036 --- [backend] [main] o.a.c.c.C.[Tomcat].[localhost].[/]       : Initializing Spring embedded WebApplicationContext
2025-11-04T23:03:46.552+05:30  INFO 8036 --- [backend] [main] w.s.c.ServletWebServerApplicationContext : Root WebApplicationContext: initialization completed in 1836 ms
2025-11-04T23:03:46.763+05:30  INFO 8036 --- [backend] [main] o.hibernate.jpa.internal.util.LogHelper  : HHH000204: Processing PersistenceUnitInfo [name: default]
2025-11-04T23:03:46.838+05:30  INFO 8036 --- [backend] [main] org.hibernate.Version                    : HHH000412: Hibernate ORM core version 6.6.33.Final
2025-11-04T23:03:46.883+05:30  INFO 8036 --- [backend] [main] o.h.c.internal.RegionFactoryInitiator    : HHH000026: Second-level cache disabled
2025-11-04T23:03:47.298+05:30  INFO 8036 --- [backend] [main] o.s.o.j.p.SpringPersistenceUnitInfo      : No LoadTimeWeaver setup: ignoring JPA class transformer
2025-11-04T23:03:47.345+05:30  INFO 8036 --- [backend] [main] com.zaxxer.hikari.HikariDataSource       : HikariPool-1 - Starting...
2025-11-04T23:03:47.554+05:30  INFO 8036 --- [backend] [main] com.zaxxer.hikari.pool.HikariPool        : HikariPool-1 - Added connection org.postgresql.jdbc.PgConnection@5a82bc58
2025-11-04T23:03:47.557+05:30  INFO 8036 --- [backend] [main] com.zaxxer.hikari.HikariDataSource       : HikariPool-1 - Start completed.
2025-11-04T23:03:47.637+05:30  INFO 8036 --- [backend] [main] org.hibernate.orm.connections.pooling    : HHH10001005: Database info:
	Database JDBC URL [Connecting through datasource 'HikariDataSource (HikariPool-1)']
	Database driver: undefined/unknown
	Database version: 18.0
	Autocommit mode: undefined/unknown
	Isolation level: undefined/unknown
	Minimum pool size: undefined/unknown
	Maximum pool size: undefined/unknown
2025-11-04T23:03:48.808+05:30  INFO 8036 --- [backend] [main] o.h.e.t.j.p.i.JtaPlatformInitiator       : HHH000489: No JTA platform available (set 'hibernate.transaction.jta.platform' to enable JTA platform integration)
2025-11-04T23:03:48.918+05:30  INFO 8036 --- [backend] [main] j.LocalContainerEntityManagerFactoryBean : Initialized JPA EntityManagerFactory for persistence unit 'default'
2025-11-04T23:03:49.694+05:30  INFO 8036 --- [backend] [main] eAuthenticationProviderManagerConfigurer : Global AuthenticationManager configured with AuthenticationProvider bean with name authenticationProvider
2025-11-04T23:03:49.695+05:30  WARN 8036 --- [backend] [main] r$InitializeUserDetailsManagerConfigurer : Global AuthenticationManager configured with an AuthenticationProvider bean. UserDetailsService beans will not be used by Spring Security for automatically configuring username/password login. Consider removing the AuthenticationProvider bean. Alternatively, consider using the UserDetailsService in a manually instantiated DaoAuthenticationProvider. If the current configuration is intentional, to turn off this warning, increase the logging level of 'org.springframework.security.config.annotation.authentication.configuration.InitializeUserDetailsBeanManagerConfigurer' to ERROR
2025-11-04T23:03:49.943+05:30 DEBUG 8036 --- [backend] [main] s.w.s.m.m.a.RequestMappingHandlerMapping : 20 mappings in 'requestMappingHandlerMapping'
2025-11-04T23:03:50.087+05:30 DEBUG 8036 --- [backend] [main] o.s.w.s.handler.SimpleUrlHandlerMapping  : Patterns [/webjars/**, /**] in 'resourceHandlerMapping'
2025-11-04T23:03:50.217+05:30 DEBUG 8036 --- [backend] [main] s.w.s.m.m.a.RequestMappingHandlerAdapter : ControllerAdvice beans: 0 @ModelAttribute, 0 @InitBinder, 1 RequestBodyAdvice, 1 ResponseBodyAdvice
2025-11-04T23:03:50.282+05:30 DEBUG 8036 --- [backend] [main] .m.m.a.ExceptionHandlerExceptionResolver : ControllerAdvice beans: 0 @ExceptionHandler, 1 ResponseBodyAdvice
2025-11-04T23:03:50.658+05:30  INFO 8036 --- [backend] [main] o.s.b.w.embedded.tomcat.TomcatWebServer  : Tomcat started on port 8080 (http) with context path '/'
2025-11-04T23:03:50.671+05:30  INFO 8036 --- [backend] [main] c.h.backend.BackendApplication           : Started BackendApplication in 6.703 seconds (process running for 7.642)
2025-11-04T23:08:18.110+05:30  INFO 8036 --- [backend] [http-nio-8080-exec-1] o.a.c.c.C.[Tomcat].[localhost].[/]       : Initializing Spring DispatcherServlet 'dispatcherServlet'
2025-11-04T23:08:18.111+05:30  INFO 8036 --- [backend] [http-nio-8080-exec-1] o.s.web.servlet.DispatcherServlet        : Initializing Servlet 'dispatcherServlet'
2025-11-04T23:08:18.111+05:30 DEBUG 8036 --- [backend] [http-nio-8080-exec-1] o.s.web.servlet.DispatcherServlet        : Detected StandardServletMultipartResolver
2025-11-04T23:08:18.111+05:30 DEBUG 8036 --- [backend] [http-nio-8080-exec-1] o.s.web.servlet.DispatcherServlet        : Detected AcceptHeaderLocaleResolver
2025-11-04T23:08:18.111+05:30 DEBUG 8036 --- [backend] [http-nio-8080-exec-1] o.s.web.servlet.DispatcherServlet        : Detected FixedThemeResolver
2025-11-04T23:08:18.113+05:30 DEBUG 8036 --- [backend] [http-nio-8080-exec-1] o.s.web.servlet.DispatcherServlet        : Detected org.springframework.web.servlet.view.DefaultRequestToViewNameTranslator@4db10b9f
2025-11-04T23:08:18.114+05:30 DEBUG 8036 --- [backend] [http-nio-8080-exec-1] o.s.web.servlet.DispatcherServlet        : Detected org.springframework.web.servlet.support.SessionFlashMapManager@6cfe32cd
2025-11-04T23:08:18.114+05:30 DEBUG 8036 --- [backend] [http-nio-8080-exec-1] o.s.web.servlet.DispatcherServlet        : enableLoggingRequestDetails='false': request parameters and headers will be masked to prevent unsafe logging of potentially sensitive data
2025-11-04T23:08:18.116+05:30  INFO 8036 --- [backend] [http-nio-8080-exec-1] o.s.web.servlet.DispatcherServlet        : Completed initialization in 5 ms
2025-11-04T23:08:18.516+05:30 DEBUG 8036 --- [backend] [http-nio-8080-exec-1] org.hibernate.SQL                        : 
    select
        u1_0.id,
        u1_0.email,
        u1_0.name,
        u1_0.password,
        u1_0.role 
    from
        users u1_0 
    where
        u1_0.email=?
2025-11-04T23:08:18.578+05:30 DEBUG 8036 --- [backend] [http-nio-8080-exec-1] o.s.web.servlet.DispatcherServlet        : POST "/api/appointments/book", parameters={}
2025-11-04T23:08:18.580+05:30 DEBUG 8036 --- [backend] [http-nio-8080-exec-1] s.w.s.m.m.a.RequestMappingHandlerMapping : Mapped to com.healthspace.backend.controller.AppointmentController#bookAppointment(Appointment)
2025-11-04T23:08:18.694+05:30 DEBUG 8036 --- [backend] [http-nio-8080-exec-1] m.m.a.RequestResponseBodyMethodProcessor : Read "application/json;charset=UTF-8" to [com.healthspace.backend.entity.Appointment@4f8e4009]
2025-11-04T23:08:18.764+05:30 DEBUG 8036 --- [backend] [http-nio-8080-exec-1] o.s.web.servlet.DispatcherServlet        : Failed to complete request: org.springframework.security.authorization.AuthorizationDeniedException: Access Denied
2025-11-04T23:08:44.151+05:30 DEBUG 8036 --- [backend] [http-nio-8080-exec-4] org.hibernate.SQL                        : 
    select
        u1_0.id,
        u1_0.email,
        u1_0.name,
        u1_0.password,
        u1_0.role 
    from
        users u1_0 
    where
        u1_0.email=?
2025-11-04T23:08:44.159+05:30 DEBUG 8036 --- [backend] [http-nio-8080-exec-4] o.s.web.servlet.DispatcherServlet        : POST "/api/appointments/book", parameters={}
2025-11-04T23:08:44.159+05:30 DEBUG 8036 --- [backend] [http-nio-8080-exec-4] s.w.s.m.m.a.RequestMappingHandlerMapping : Mapped to com.healthspace.backend.controller.AppointmentController#bookAppointment(Appointment)
2025-11-04T23:08:44.162+05:30 DEBUG 8036 --- [backend] [http-nio-8080-exec-4] m.m.a.RequestResponseBodyMethodProcessor : Read "application/json;charset=UTF-8" to [com.healthspace.backend.entity.Appointment@69e8548a]
2025-11-04T23:08:44.208+05:30 DEBUG 8036 --- [backend] [http-nio-8080-exec-4] org.hibernate.SQL                        : 
    insert 
    into
        appointments
        (appointment_time, doctor_id, notes, patient_id, status) 
    values
        (?, ?, ?, ?, ?)
2025-11-04T23:08:44.284+05:30 DEBUG 8036 --- [backend] [http-nio-8080-exec-4] m.m.a.RequestResponseBodyMethodProcessor : Using 'application/json', given [*/*] and supported [application/json, application/*+json]
2025-11-04T23:08:44.286+05:30 DEBUG 8036 --- [backend] [http-nio-8080-exec-4] m.m.a.RequestResponseBodyMethodProcessor : Writing [com.healthspace.backend.entity.Appointment@69e8548a]
2025-11-04T23:08:44.311+05:30 DEBUG 8036 --- [backend] [http-nio-8080-exec-4] o.s.web.servlet.DispatcherServlet        : Completed 200 OK
2025-11-04T23:11:53.138+05:30  INFO 8036 --- [backend] [SpringApplicationShutdownHook] o.s.b.w.e.tomcat.GracefulShutdown        : Commencing graceful shutdown. Waiting for active requests to complete
2025-11-04T23:11:53.147+05:30  INFO 8036 --- [backend] [tomcat-shutdown] o.s.b.w.e.tomcat.GracefulShutdown        : Graceful shutdown complete
2025-11-04T23:11:53.152+05:30  INFO 8036 --- [backend] [SpringApplicationShutdownHook] j.LocalContainerEntityManagerFactoryBean : Closing JPA EntityManagerFactory for persistence unit 'default'
2025-11-04T23:11:53.155+05:30  INFO 8036 --- [backend] [SpringApplicationShutdownHook] com.zaxxer.hikari.HikariDataSource       : HikariPool-1 - Shutdown initiated...
2025-11-04T23:11:53.159+05:30  INFO 8036 --- [backend] [SpringApplicationShutdownHook] com.zaxxer.hikari.HikariDataSource       : HikariPool-1 - Shutdown completed.
2025-11-04T23:11:55.820+05:30  INFO 4940 --- [backend] [main] c.h.backend.BackendApplication           : Starting BackendApplication using Java 24.0.2 with PID 4940 (C:\Users\jhjos\OneDrive\Desktop\HealthSpace\target\classes started by jhjos in C:\Users\jhjos\OneDrive\Desktop\HealthSpace)
2025-11-04T23:11:55.823+05:30  INFO 4940 --- [backend] [main] c.h.backend.BackendApplication           : No active profile set, falling back to 1 default profile: "default"
2025-11-04T23:11:56.699+05:30  INFO 4940 --- [backend] [main] .s.d.r.c.RepositoryConfigurationDelegate : Bootstrapping Spring Data JPA repositories in DEFAULT mode.
2025-11-04T23:11:56.781+05:30  INFO 4940 --- [backend] [main] .s.d.r.c.RepositoryConfigurationDelegate : Finished Spring Data repository scanning in 70 ms. Found 5 JPA repository interfaces.
2025-11-04T23:11:57.535+05:30  INFO 4940 --- [backend] [main] o.s.b.w.embedded.tomcat.TomcatWebServer  : Tomcat initialized with port 8080 (http)
2025-11-04T23:11:57.552+05:30  INFO 4940 --- [backend] [main] o.apache.catalina.core.StandardService   : Starting service [Tomcat]
2025-11-04T23:11:57.553+05:30  INFO 4940 --- [backend] [main] o.apache.catalina.core.StandardEngine    : Starting Servlet engine: [Apache Tomcat/10.1.48]
2025-11-04T23:11:57.620+05:30  INFO 4940 --- [backend] [main] o.a.c.c.C.[Tomcat].[localhost].[/]       : Initializing Spring embedded WebApplicationContext
2025-11-04T23:11:57.621+05:30  INFO 4940 --- [backend] [main] w.s.c.ServletWebServerApplicationContext : Root WebApplicationContext: initialization completed in 1731 ms
2025-11-04T23:11:57.812+05:30  INFO 4940 --- [backend] [main] o.hibernate.jpa.internal.util.LogHelper  : HHH000204: Processing PersistenceUnitInfo [name: default]
2025-11-04T23:11:57.872+05:30  INFO 4940 --- [backend] [main] org.hibernate.Version                    : HHH000412: Hibernate ORM core version 6.6.33.Final
2025-11-04T23:11:57.915+05:30  INFO 4940 --- [backend] [main] o.h.c.internal.RegionFactoryInitiator    : HHH000026: Second-level cache disabled
2025-11-04T23:11:58.378+05:30  INFO 4940 --- [backend] [main] o.s.o.j.p.SpringPersistenceUnitInfo      : No LoadTimeWeaver setup: ignoring JPA class transformer
2025-11-04T23:11:58.431+05:30  INFO 4940 --- [backend] [main] com.zaxxer.hikari.HikariDataSource       : HikariPool-1 - Starting...
2025-11-04T23:11:58.644+05:30  INFO 4940 --- [backend] [main] com.zaxxer.hikari.pool.HikariPool        : HikariPool-1 - Added connection org.postgresql.jdbc.PgConnection@41be8db9
2025-11-04T23:11:58.647+05:30  INFO 4940 --- [backend] [main] com.zaxxer.hikari.HikariDataSource       : HikariPool-1 - Start completed.
2025-11-04T23:11:58.730+05:30  INFO 4940 --- [backend] [main] org.hibernate.orm.connections.pooling    : HHH10001005: Database info:
	Database JDBC URL [Connecting through datasource 'HikariDataSource (HikariPool-1)']
	Database driver: undefined/unknown
	Database version: 18.0
	Autocommit mode: undefined/unknown
	Isolation level: undefined/unknown
	Minimum pool size: undefined/unknown
	Maximum pool size: undefined/unknown
2025-11-04T23:11:59.982+05:30  INFO 4940 --- [backend] [main] o.h.e.t.j.p.i.JtaPlatformInitiator       : HHH000489: No JTA platform available (set 'hibernate.transaction.jta.platform' to enable JTA platform integration)
2025-11-04T23:12:00.079+05:30  INFO 4940 --- [backend] [main] j.LocalContainerEntityManagerFactoryBean : Initialized JPA EntityManagerFactory for persistence unit 'default'
2025-11-04T23:12:00.867+05:30  INFO 4940 --- [backend] [main] eAuthenticationProviderManagerConfigurer : Global AuthenticationManager configured with AuthenticationProvider bean with name authenticationProvider
2025-11-04T23:12:00.869+05:30  WARN 4940 --- [backend] [main] r$InitializeUserDetailsManagerConfigurer : Global AuthenticationManager configured with an AuthenticationProvider bean. UserDetailsService beans will not be used by Spring Security for automatically configuring username/password login. Consider removing the AuthenticationProvider bean. Alternatively, consider using the UserDetailsService in a manually instantiated DaoAuthenticationProvider. If the current configuration is intentional, to turn off this warning, increase the logging level of 'org.springframework.security.config.annotation.authentication.configuration.InitializeUserDetailsBeanManagerConfigurer' to ERROR
2025-11-04T23:12:01.133+05:30 DEBUG 4940 --- [backend] [main] s.w.s.m.m.a.RequestMappingHandlerMapping : 20 mappings in 'requestMappingHandlerMapping'
2025-11-04T23:12:01.281+05:30 DEBUG 4940 --- [backend] [main] o.s.w.s.handler.SimpleUrlHandlerMapping  : Patterns [/webjars/**, /**] in 'resourceHandlerMapping'
2025-11-04T23:12:01.425+05:30 DEBUG 4940 --- [backend] [main] s.w.s.m.m.a.RequestMappingHandlerAdapter : ControllerAdvice beans: 0 @ModelAttribute, 0 @InitBinder, 1 RequestBodyAdvice, 1 ResponseBodyAdvice
2025-11-04T23:12:01.525+05:30 DEBUG 4940 --- [backend] [main] .m.m.a.ExceptionHandlerExceptionResolver : ControllerAdvice beans: 0 @ExceptionHandler, 1 ResponseBodyAdvice
2025-11-04T23:12:02.022+05:30  INFO 4940 --- [backend] [main] o.s.b.w.embedded.tomcat.TomcatWebServer  : Tomcat started on port 8080 (http) with context path '/'
2025-11-04T23:12:02.038+05:30  INFO 4940 --- [backend] [main] c.h.backend.BackendApplication           : Started BackendApplication in 6.857 seconds (process running for 7.755)
2025-11-04T23:19:13.230+05:30  INFO 4940 --- [backend] [SpringApplicationShutdownHook] o.s.b.w.e.tomcat.GracefulShutdown        : Commencing graceful shutdown. Waiting for active requests to complete
2025-11-04T23:19:13.240+05:30  INFO 4940 --- [backend] [tomcat-shutdown] o.s.b.w.e.tomcat.GracefulShutdown        : Graceful shutdown complete
2025-11-04T23:19:13.247+05:30  INFO 4940 --- [backend] [SpringApplicationShutdownHook] j.LocalContainerEntityManagerFactoryBean : Closing JPA EntityManagerFactory for persistence unit 'default'
2025-11-04T23:19:13.250+05:30  INFO 4940 --- [backend] [SpringApplicationShutdownHook] com.zaxxer.hikari.HikariDataSource       : HikariPool-1 - Shutdown initiated...
2025-11-04T23:19:13.253+05:30  INFO 4940 --- [backend] [SpringApplicationShutdownHook] com.zaxxer.hikari.HikariDataSource       : HikariPool-1 - Shutdown completed.
2025-11-04T23:44:45.742+05:30  INFO 12740 --- [backend] [main] c.h.backend.BackendApplication           : Starting BackendApplication using Java 24.0.2 with PID 12740 (C:\Users\jhjos\OneDrive\Desktop\HealthSpace\target\classes started by jhjos in C:\Users\jhjos\OneDrive\Desktop\HealthSpace)
2025-11-04T23:44:45.745+05:30  INFO 12740 --- [backend] [main] c.h.backend.BackendApplication           : No active profile set, falling back to 1 default profile: "default"
2025-11-04T23:44:46.603+05:30  INFO 12740 --- [backend] [main] .s.d.r.c.RepositoryConfigurationDelegate : Bootstrapping Spring Data JPA repositories in DEFAULT mode.
2025-11-04T23:44:46.701+05:30  INFO 12740 --- [backend] [main] .s.d.r.c.RepositoryConfigurationDelegate : Finished Spring Data repository scanning in 86 ms. Found 7 JPA repository interfaces.
2025-11-04T23:44:47.435+05:30  INFO 12740 --- [backend] [main] o.s.b.w.embedded.tomcat.TomcatWebServer  : Tomcat initialized with port 8080 (http)
2025-11-04T23:44:47.451+05:30  INFO 12740 --- [backend] [main] o.apache.catalina.core.StandardService   : Starting service [Tomcat]
2025-11-04T23:44:47.451+05:30  INFO 12740 --- [backend] [main] o.apache.catalina.core.StandardEngine    : Starting Servlet engine: [Apache Tomcat/10.1.48]
2025-11-04T23:44:47.521+05:30  INFO 12740 --- [backend] [main] o.a.c.c.C.[Tomcat].[localhost].[/]       : Initializing Spring embedded WebApplicationContext
2025-11-04T23:44:47.522+05:30  INFO 12740 --- [backend] [main] w.s.c.ServletWebServerApplicationContext : Root WebApplicationContext: initialization completed in 1716 ms
2025-11-04T23:44:47.730+05:30  INFO 12740 --- [backend] [main] o.hibernate.jpa.internal.util.LogHelper  : HHH000204: Processing PersistenceUnitInfo [name: default]
2025-11-04T23:44:47.796+05:30  INFO 12740 --- [backend] [main] org.hibernate.Version                    : HHH000412: Hibernate ORM core version 6.6.33.Final
2025-11-04T23:44:47.836+05:30  INFO 12740 --- [backend] [main] o.h.c.internal.RegionFactoryInitiator    : HHH000026: Second-level cache disabled
2025-11-04T23:44:48.213+05:30  INFO 12740 --- [backend] [main] o.s.o.j.p.SpringPersistenceUnitInfo      : No LoadTimeWeaver setup: ignoring JPA class transformer
2025-11-04T23:44:48.253+05:30  INFO 12740 --- [backend] [main] com.zaxxer.hikari.HikariDataSource       : HikariPool-1 - Starting...
2025-11-04T23:44:48.446+05:30  INFO 12740 --- [backend] [main] com.zaxxer.hikari.pool.HikariPool        : HikariPool-1 - Added connection org.postgresql.jdbc.PgConnection@31b6b0c7
2025-11-04T23:44:48.449+05:30  INFO 12740 --- [backend] [main] com.zaxxer.hikari.HikariDataSource       : HikariPool-1 - Start completed.
2025-11-04T23:44:48.529+05:30  INFO 12740 --- [backend] [main] org.hibernate.orm.connections.pooling    : HHH10001005: Database info:
	Database JDBC URL [Connecting through datasource 'HikariDataSource (HikariPool-1)']
	Database driver: undefined/unknown
	Database version: 18.0
	Autocommit mode: undefined/unknown
	Isolation level: undefined/unknown
	Minimum pool size: undefined/unknown
	Maximum pool size: undefined/unknown
2025-11-04T23:44:49.738+05:30  INFO 12740 --- [backend] [main] o.h.e.t.j.p.i.JtaPlatformInitiator       : HHH000489: No JTA platform available (set 'hibernate.transaction.jta.platform' to enable JTA platform integration)
2025-11-04T23:44:49.813+05:30 DEBUG 12740 --- [backend] [main] org.hibernate.SQL                        : 
    create table doctor_profiles (
        id bigint generated by default as identity,
        affiliation_status varchar(255) not null,
        age integer not null,
        gender varchar(255),
        qualifications varchar(255),
        specialty varchar(255) not null,
        hospital_id bigint,
        user_id bigint not null,
        primary key (id)
    )
2025-11-04T23:44:49.828+05:30 DEBUG 12740 --- [backend] [main] org.hibernate.SQL                        : 
    create table hospitals (
        id bigint generated by default as identity,
        address varchar(255) not null,
        contact_no varchar(255),
        name varchar(255) not null,
        primary key (id)
    )
2025-11-04T23:44:49.835+05:30 DEBUG 12740 --- [backend] [main] org.hibernate.SQL                        : 
    alter table if exists users 
       add column hospital_id bigint
2025-11-04T23:44:49.837+05:30 DEBUG 12740 --- [backend] [main] org.hibernate.SQL                        : 
    alter table if exists doctor_profiles 
       drop constraint if exists UKf2ac4saatw7tnup2kqa53oqkl
2025-11-04T23:44:49.839+05:30  WARN 12740 --- [backend] [main] o.h.engine.jdbc.spi.SqlExceptionHelper   : SQL Warning Code: 0, SQLState: 00000
2025-11-04T23:44:49.841+05:30  WARN 12740 --- [backend] [main] o.h.engine.jdbc.spi.SqlExceptionHelper   : constraint "ukf2ac4saatw7tnup2kqa53oqkl" of relation "doctor_profiles" does not exist, skipping
2025-11-04T23:44:49.841+05:30 DEBUG 12740 --- [backend] [main] org.hibernate.SQL                        : 
    alter table if exists doctor_profiles 
       add constraint UKf2ac4saatw7tnup2kqa53oqkl unique (user_id)
2025-11-04T23:44:49.844+05:30 DEBUG 12740 --- [backend] [main] org.hibernate.SQL                        : 
    alter table if exists hospitals 
       drop constraint if exists UK6o8959a7cy7hc2nexleb3h1an
2025-11-04T23:44:49.845+05:30  WARN 12740 --- [backend] [main] o.h.engine.jdbc.spi.SqlExceptionHelper   : SQL Warning Code: 0, SQLState: 00000
2025-11-04T23:44:49.845+05:30  WARN 12740 --- [backend] [main] o.h.engine.jdbc.spi.SqlExceptionHelper   : constraint "uk6o8959a7cy7hc2nexleb3h1an" of relation "hospitals" does not exist, skipping
2025-11-04T23:44:49.845+05:30 DEBUG 12740 --- [backend] [main] org.hibernate.SQL                        : 
    alter table if exists hospitals 
       add constraint UK6o8959a7cy7hc2nexleb3h1an unique (name)
2025-11-04T23:44:49.848+05:30 DEBUG 12740 --- [backend] [main] org.hibernate.SQL                        : 
    alter table if exists doctor_profiles 
       add constraint FK2i82r4f04rstk9wuvcjf0c176 
       foreign key (hospital_id) 
       references hospitals
2025-11-04T23:44:49.852+05:30 DEBUG 12740 --- [backend] [main] org.hibernate.SQL                        : 
    alter table if exists doctor_profiles 
       add constraint FKhrpk2q09sjwf9en18301dioyr 
       foreign key (user_id) 
       references users
2025-11-04T23:44:49.885+05:30  INFO 12740 --- [backend] [main] j.LocalContainerEntityManagerFactoryBean : Initialized JPA EntityManagerFactory for persistence unit 'default'
2025-11-04T23:44:50.659+05:30  INFO 12740 --- [backend] [main] eAuthenticationProviderManagerConfigurer : Global AuthenticationManager configured with AuthenticationProvider bean with name authenticationProvider
2025-11-04T23:44:50.660+05:30  WARN 12740 --- [backend] [main] r$InitializeUserDetailsManagerConfigurer : Global AuthenticationManager configured with an AuthenticationProvider bean. UserDetailsService beans will not be used by Spring Security for automatically configuring username/password login. Consider removing the AuthenticationProvider bean. Alternatively, consider using the UserDetailsService in a manually instantiated DaoAuthenticationProvider. If the current configuration is intentional, to turn off this warning, increase the logging level of 'org.springframework.security.config.annotation.authentication.configuration.InitializeUserDetailsBeanManagerConfigurer' to ERROR
2025-11-04T23:44:50.898+05:30 DEBUG 12740 --- [backend] [main] s.w.s.m.m.a.RequestMappingHandlerMapping : 28 mappings in 'requestMappingHandlerMapping'
2025-11-04T23:44:51.022+05:30 DEBUG 12740 --- [backend] [main] o.s.w.s.handler.SimpleUrlHandlerMapping  : Patterns [/webjars/**, /**] in 'resourceHandlerMapping'
2025-11-04T23:44:51.155+05:30 DEBUG 12740 --- [backend] [main] s.w.s.m.m.a.RequestMappingHandlerAdapter : ControllerAdvice beans: 0 @ModelAttribute, 0 @InitBinder, 1 RequestBodyAdvice, 1 ResponseBodyAdvice
2025-11-04T23:44:51.216+05:30 DEBUG 12740 --- [backend] [main] .m.m.a.ExceptionHandlerExceptionResolver : ControllerAdvice beans: 0 @ExceptionHandler, 1 ResponseBodyAdvice
2025-11-04T23:44:51.565+05:30  INFO 12740 --- [backend] [main] o.s.b.w.embedded.tomcat.TomcatWebServer  : Tomcat started on port 8080 (http) with context path '/'
2025-11-04T23:44:51.576+05:30  INFO 12740 --- [backend] [main] c.h.backend.BackendApplication           : Started BackendApplication in 6.439 seconds (process running for 7.224)
2025-11-04T23:45:17.622+05:30  INFO 12740 --- [backend] [SpringApplicationShutdownHook] o.s.b.w.e.tomcat.GracefulShutdown        : Commencing graceful shutdown. Waiting for active requests to complete
2025-11-04T23:45:17.632+05:30  INFO 12740 --- [backend] [tomcat-shutdown] o.s.b.w.e.tomcat.GracefulShutdown        : Graceful shutdown complete
2025-11-04T23:45:17.641+05:30  INFO 12740 --- [backend] [SpringApplicationShutdownHook] j.LocalContainerEntityManagerFactoryBean : Closing JPA EntityManagerFactory for persistence unit 'default'
2025-11-04T23:45:17.645+05:30  INFO 12740 --- [backend] [SpringApplicationShutdownHook] com.zaxxer.hikari.HikariDataSource       : HikariPool-1 - Shutdown initiated...
2025-11-04T23:45:17.648+05:30  INFO 12740 --- [backend] [SpringApplicationShutdownHook] com.zaxxer.hikari.HikariDataSource       : HikariPool-1 - Shutdown completed.
